fills,effects,font,count
#FFFFFF,,,957
#131927,,Inter 400 16.0,417
#D2D5DB,,,417
#C2E0FB,,,315
#4A4B4B,,,245
#4E61F6,,,222
#1068B4,,,217
#FFFFFF,,Bai Jamjuree 600 16.0,161
#131927,,,157
#F9FAFB,,,153
#000000,,,138
#F3F4F6,"DROP_SHADOW r3.0 o2.0,4.0 #000000@0.2",,137
#3745AF,,Inter 600 18.0,135
GRADIENT_LINEAR(#EFEFEF>#DDDDDD),,,128
#C8CEFC,,,125
#FFFFFF~0.6,,,121
#6D717F,,Inter 600 14.0,120
#4758E0,,,114
#8ACEFF,,,108
#6D717F,,,106
#0095FF,,Inter 600 14.0,105
#9E9E9E,,,105
#43B75D,,,98
,"DROP_SHADOW r4.0 o1.0,3.0 #000000@0.1 | DROP_SHADOW r1.0 o0.3,0.5 #000000@0.1",,95
#131927,,Bai Jamjuree 600 16.0,90
#131927,,Inter 500 16.0,88
GRADIENT_LINEAR(#FFFFFF@0.7>#FFFFFF@0.45>#FFFFFF@0.55),,,83
#FFFFFF,,Bai Jamjuree 600 18.0,81
#131927,,Inter 600 14.0,80
#EE443F,,Inter 500 16.0,78
GRADIENT_LINEAR(#FFFFFF@0.6>#FFFFFF@0.3),,,72
GRADIENT_LINEAR(#FFFFFF@0.6>#FFFFFF@0.0>#FFFFFF@0.3),,,72
#FFFFFF,,Inter 400 16.0,71
#EDEFFE,,,69
#131927,,Bai Jamjuree 600 24.0,68
#9EA2AE,,Inter 400 14.0,66
#6D717F,,Inter 400 14.0,66
GRADIENT_RADIAL(#62D1EA>#62D1EA@0.89>#62D1EA@0.58>#62D1EA@0.33>#62D1EA@0.15>#62D1EA@0.04>#62D1EA@0.0),,,60
#131927,,Inter 400 14.0,55
#E6F4FF,,,55
#9EA2AE,,,55
#4E61F6,,Inter 600 16.0,54
#9EA2AE,,Inter 400 16.0,52
#3745AF,,Bai Jamjuree 600 28.0,52
#FFFFFF,,Inter 600 16.0,46
#6D717F,,Inter 600 16.0,45
#8BCEFF~0.5,,,45
#8ACEFF,,Inter 500 6.0,45
#FFFFFF,,Inter 600 14.0,43
#6D717F,,Bai Jamjuree 600 18.0,43
#F3F4F6,,,43
#056BF1,,,42
#FFFFFF,,Inter 400 14.0,41
#3C3A3F,,,40
#E5E7EA,,,40
#000000,,Instrument Sans 400 16.0,39
#D9D9D9,,,39
,"DROP_SHADOW r4.0 o0.0,4.0 #000000@0.25",,38
#FFFFFF~0.7,,,38
#3745AF,,,36
#000000,,Inter 400 14.0,36
#3E3E3E,,Helvetica 400 16.0,35
#FFFFFF,"DROP_SHADOW r0.0 o0.0,0.0 s3.0 #AEB6FB",,33
GRADIENT_RADIAL(#000000@0.25>#000000@0.0),,,32
#FFFFFF,,Font Awesome 5 Free 900 16.0,32
#0328BA~0.1,,,32
GRADIENT_LINEAR(#D9D9D9@0.25>#0A0A0A@0.2),TEXTURE r1.58 | BACKGROUND_BLUR r6.3,,32
#FFFFFF~0.01,"INNER_SHADOW r7.88 o0.0,0.0 s4.73 #FFFFFF",,32
#FFFFFF~0.002,TEXTURE r1.58 | BACKGROUND_BLUR r22.06,,32
#FFFFFF~0.01,"INNER_SHADOW r4.73 o0.0,0.0 s2.52 #FFFFFF | LAYER_BLUR r0.95",,32
#FFFFFF~0.002,TEXTURE r1.58 | BACKGROUND_BLUR r25.21,,32
#FFFFFF~0.01,"INNER_SHADOW r1.58 o0.0,0.0 s0.63 #FFFFFF | LAYER_BLUR r0.63",,32
#FFFFFF~0.002,TEXTURE r1.58 | BACKGROUND_BLUR r6.3,,32
,LAYER_BLUR r0.63,,32
#FFFFFF,LAYER_BLUR r3.0,,32
#FFFFFF~0.8,LAYER_BLUR r2.0,,32
#FFFFFF~0.8,LAYER_BLUR r5.0,,32
#54B8FF,,,31
#056BF1,,Instrument Sans 600 18.0,31
#131927,,Bai Jamjuree 600 48.0,31
#BFE1FB,,,30
#056BF1,,Instrument Sans 600 16.0,29
#212967,,,28
GRADIENT_LINEAR(#DAA6FF@0.6>#DCA6FF@0.4),"GLASS | INNER_SHADOW r1.0 o0.5,1.0 #FFFFFF@0.4",,28
#DFDFDF,"DROP_SHADOW r4.0 o0.0,4.0 #000000@0.25",,27
#9EA2AE,,Manrope 600 14.0,26
#3057B6,,,26
#0095FF,,,25
#FFFFFF~0.8,BACKGROUND_BLUR r11.9,,25
#FFFFFF~0.068,"BACKGROUND_BLUR r15.16 | INNER_SHADOW r4.62 o1.2,1.1 #FFFFFF@0.126 | INNER_SHADOW r9.24 o2.1,2.0 #FFFFFF@0.126 | DROP_SHADOW r12.0 o-1.9,-1.7 #000000@0.15 | DROP_SHADOW r48.0 o-11.2,-10.4 #000000@0.15",,25
GRADIENT_LINEAR(#00C2FD@0.1>#1C41BB),LAYER_BLUR r55.0,,24
#000000,,Instrument Sans 600 32.0,24
#EE443F,,,24
#3745AF,,Inter 600 14.0,24
#174293,,,24
#918888,,Inter 600 16.0,24
#000000,,Helvetica 700 24.0,23
#9EA2AE,,Inter 600 14.0,22
#3745AF,,Inter 600 16.0,21
#191919,,,21
#6E6E6E,,,21
GRADIENT_LINEAR(#78E837>#5BDD46>#00BC73)~0.9,"BACKGROUND_BLUR r15.0 | INNER_SHADOW r1.0 o-0.5,-1.0 #FFFFFF@0.3 | INNER_SHADOW r1.0 o0.2,0.5 #FFFFFF@0.5",,21
#3745AF,,Bai Jamjuree 600 10.0,20
#FFFFFF,,Manrope 600 16.0,19
GRADIENT_LINEAR(#00BC73>#5BDD46>#78E837)~0.9,"BACKGROUND_BLUR r15.0 | INNER_SHADOW r1.0 o-0.5,-1.0 #FFFFFF@0.3 | INNER_SHADOW r1.0 o0.2,0.5 #FFFFFF@0.5",,19
#FFFFFF,,Inter 400 12.0,18
#000000,,Inter 400 12.0,18
#FFFFFF~0.8,,,18
GRADIENT_LINEAR(#30B0FF@0.1>#1E2DA6@0.7),GLASS,,18
#FFFFFF,"DROP_SHADOW r4.0 o0.0,4.0 #000000@0.25",,18
IMAGE:2057d6a5a90b800dad3489a6eb2776c3e00b96c5,,,18
#4E61F6,,Inter 600 12.0,17
#3745AF,,Bai Jamjuree 600 32.0,17
#FFFFFF,"DROP_SHADOW r32.0 o0.0,10.0 s-4.0 #131927@0.1 | DROP_SHADOW r14.0 o0.0,6.0 s-6.0 #131927@0.12",,17
GRADIENT_LINEAR(#4EAEFE@0.2>#41A2FE@0.4),"GLASS | INNER_SHADOW r1.0 o0.5,1.0 #FFFFFF@0.4",,17
,"GLASS | INNER_SHADOW r1.0 o0.5,1.0 #FFFFFF@0.4",,17
GRADIENT_LINEAR(#009CFC>#18ABFC>#4ECCFE>#76E4FE>#8EF3FF>#97F8FF)~0.9,"BACKGROUND_BLUR r15.0 | INNER_SHADOW r1.0 o-0.5,-1.0 #FFFFFF@0.3 | INNER_SHADOW r1.0 o0.2,0.5 #FFFFFF@0.5",,17
#FFFFFF,,Inter 600 12.0,16
#339BFA,LAYER_BLUR r32.8,,16
#4E61F6,,Inter 600 14.0,15
GRADIENT_RADIAL(#62D1EA>#62D1EA@0.89>#62D1EA@0.58>#62A4EA@0.33>#62D1EA@0.15>#62D1EA@0.04>#62D1EA@0.0),,,15
GRADIENT_RADIAL(#002570>#62B1EA@0.89>#62B1EA@0.58>#62D1EA@0.33>#62D1EA@0.15>#62D1EA@0.04>#62D1EA@0.0),,,15
#E7F5FE,,,14
GRADIENT_LINEAR(#C8ECFF>#FFFFFF)~0.5,BACKGROUND_BLUR r11.9,,14
#FFFFFF,,Inter 500 14.0,14
#3BB4FF,,,14
#444444,,,13
#131927,,Inter 600 18.0,13
#000000,,Instrument Sans 400 20.0,13
#FDECEC,,,12
IMAGE:143213e83991d6be23001875a50e1f9fe51bab46,,,12
IMAGE:30e093d5f224835a43318c3227a416eb4748c44b,,,12
IMAGE:f8b711e7f3495a54c061e57346e4e7bfbd7d9a4a,,,12
#000000~0.0,,,12
IMAGE:84fe06f866459a500b56fec7a179a7722ce6b5dd,,,12
#2B3587,,,12
#131313,,Poppins 400 7.748828411102295,12
#131313,,Poppins 400 12.0,12
#F8F6EB,,,12
#056BF1,,Inter 400 24.0,11
#FFFFFF,,Inter 600 10.0,11
#9EA2AE,,Inter 400 10.0,11
IMAGE:aec33afc28aba82077d61bfde811663f1808d835,,,10
#09090A,,,10
#1E293B,,,10
#0F172A,,,10
GRADIENT_LINEAR(#FFFFFF@0.08>#FFFFFF@0.0>#000000@0.0),,,10
IMAGE:5028c4f784558e9ce09db3c43f86c285b0b99d7a,,,10
#FFFFFF,,Inter 600 18.0,10
#ECF8EF,,,10
#FFF7E6,,,10
#6D717F,,Inter 400 16.0,10
IMAGE:9780659d1bcd9a318752be3d9b6fb352d5a9e964,,,10
#0095FF,,Inter 600 10.0,10
#FFFFFF,,Poppins 400 24.0,10
#DB09BE,"GLASS | INNER_SHADOW r1.0 o0.5,1.0 #FFFFFF@0.4",,10
#454544,,,9
IMAGE:ca2f0901150be5bd2d421e94447598d43b12baa7 | GRADIENT_LINEAR(#FFFFFF@0.0>#FFFFFF),,,9
GRADIENT_LINEAR(#E3E3E3>#FFFFFF)~0.5,BACKGROUND_BLUR r11.9,,9
#3745AF,,Bai Jamjuree 600 24.0,9
#B0DEFF~0.75,BACKGROUND_BLUR r4.0,,9
#4E61F6,,Manrope 600 14.0,9
#4E61F6,,Inter 600 18.0,9
IMAGE:351d4eecaa5cac0b70b14580ce59875814d26fea,"DROP_SHADOW r12.0 o0.0,6.0 s-6.0 #000000@0.1",,9
#000000,,JetBrains Mono 400 14.246013641357422,9
#000000,,JetBrains Mono 400 11.288070678710938,9
#000000,,JetBrains Mono 400 5.427637577056885,9
#38A1FF,,,9
#FFFFFF,,Instrument Sans 600 18.0,9
#056BF1~0.5,,,9
#056BF1,,Instrument Sans 600 6.0,9
#000000,,JetBrains Mono 400 13.0,9
GRADIENT_LINEAR(#AEB6FB>#212967),,,9
#9EA2AE,,Inter 600 16.0,9
GRADIENT_LINEAR(#01FFF7@0.3>#01FFF7@0.4),"GLASS | INNER_SHADOW r1.0 o0.5,1.0 #FFFFFF@0.4",,9
GRADIENT_LINEAR(#962AFF>#BE85FF>#C99FFF)~0.9,"BACKGROUND_BLUR r15.0 | INNER_SHADOW r1.0 o-0.5,-1.0 #FFFFFF@0.3 | INNER_SHADOW r1.0 o0.2,0.5 #FFFFFF@0.5",,9
,"DROP_SHADOW r3.0 o2.0,4.0 #000000@0.2",,8
#2B2A2D,"DROP_SHADOW r30.92 o0.0,15.5 #0F172A@0.18",,8
#6D717F,,Inter 600 12.0,8
GRADIENT_LINEAR(#000000>#666666),,,8
#3C3A38,,,8
,"DROP_SHADOW r16.0 o0.0,8.0 s-6.0 #131927@0.08 | DROP_SHADOW r8.0 o0.0,6.0 s-6.0 #131927@0.12",,8
#4758E0~0.75,BACKGROUND_BLUR r4.0,,8
#FFFFFF,,Manrope 600 14.0,8
IMAGE:fd36fc36b40bfabeaa1d834e3894d13e803e35ad,,,8
#000000,,Instrument Sans 700 24.0,8
#212121,,Instrument Sans 400 16.0,8
#FFFFFF,,Roboto 700 30.0,8
#81A1B7,,Roboto 700 30.0,8
#131927,,Bai Jamjuree 600 18.0,8
#FFAA00,,,8
#44DEFF,,Manrope 600 16.0,8
,"DROP_SHADOW r5.67 o1.4,4.2 #000000@0.1 | DROP_SHADOW r1.42 o0.4,0.7 #000000@0.1",,8
#E88400,,,8
IMAGE:ae0884d5c6934e3d9dea0df7bd7a10ed5ae471f5,,,8
GRADIENT_LINEAR(#5685FF>#66FFD5),,,8
#04080F,,,8
#38DCAB,,,8
GRADIENT_LINEAR(#8FDDFF>#567599),LAYER_BLUR r1.6,,8
#8FDDFF,LAYER_BLUR r5.3,,8
GRADIENT_LINEAR(#FFFFFF@0.0>#FFFFFF)~0.59,LAYER_BLUR r9.3,,8
GRADIENT_LINEAR(#97F8FF>#8EF3FF>#76E4FE>#4ECCFE>#18ABFC>#009CFC)~0.9,"BACKGROUND_BLUR r15.0 | INNER_SHADOW r1.0 o-0.5,-1.0 #FFFFFF@0.3 | INNER_SHADOW r1.0 o0.2,0.5 #FFFFFF@0.5",,8
#B26AFF~0.9,"BACKGROUND_BLUR r15.0 | INNER_SHADOW r1.0 o-0.5,-1.0 #FFFFFF@0.3 | INNER_SHADOW r1.0 o0.2,0.5 #FFFFFF@0.5",,8
#CECAC0 | IMAGE:edc7c6d7db7937efdd4952f6296bfe02330d5ab4~0.3 | IMAGE:74938e2f7c792064075dae1dd6a4cb6be5122caf~0.3,"INNER_SHADOW r7.0 o0.0,-15.0 #000000@0.5",,8
#000000,"DROP_SHADOW r7.0 o0.0,-2.0 s6.0 #DCECFF@0.61",,8
#000000,LAYER_BLUR r2.0,,8
IMAGE:cef36e1ba464ce1115017bc97c4a365a777f6c14 | #333333~0.4,"INNER_SHADOW r5.0 o0.0,1.0 s3.0 #000000@0.75",,8
#000000,"INNER_SHADOW r4.0 o0.0,4.0 #FFFFFF@0.2",,8
,LAYER_BLUR r10.0,,8
#1D2129,,,8
#090609,,,8
#131423,,,8
#07144C,,,8
#030303~0.8,LAYER_BLUR r3.0,,8
GRADIENT_RADIAL(#161F88>#56188D),LAYER_BLUR r1.0,,8
GRADIENT_LINEAR(#1D869C@0.67>#2371C6@0.7>#040AAD@0.75),LAYER_BLUR r5.0,,8
GRADIENT_RADIAL(#005267>#415967>#8700C7)~0.8,LAYER_BLUR r1.0,,8
GRADIENT_RADIAL(#5978DD>#312FAD@0.61>#1C1C86@0.0),LAYER_BLUR r0.0,,8
GRADIENT_RADIAL(#FFFFFF@0.38>#000000@0.0),LAYER_BLUR r3.0,,8
#B4AD98 | IMAGE:edc7c6d7db7937efdd4952f6296bfe02330d5ab4~0.3 | IMAGE:74938e2f7c792064075dae1dd6a4cb6be5122caf~0.3,"INNER_SHADOW r7.0 o0.0,-15.0 #000000@0.5",,8
#454C60 | IMAGE:edc7c6d7db7937efdd4952f6296bfe02330d5ab4~0.3 | IMAGE:74938e2f7c792064075dae1dd6a4cb6be5122caf~0.3,"INNER_SHADOW r7.0 o0.0,-15.0 #000000@0.5",,8
#454545 | IMAGE:edc7c6d7db7937efdd4952f6296bfe02330d5ab4~0.3 | IMAGE:74938e2f7c792064075dae1dd6a4cb6be5122caf~0.3,"INNER_SHADOW r7.0 o0.0,-15.0 #000000@0.5",,8
#056BF1,,Instrument Sans 600 32.0,7
#B0DEFF,,,7
#3745AF,,Inter 400 16.0,7
GRADIENT_LINEAR(#FFBE02@0.4>#FFE669@0.4),"GLASS | INNER_SHADOW r1.0 o0.5,1.0 #FFFFFF@0.4",,7
#D9D9D9~0.4,"BACKGROUND_BLUR r4.18 | INNER_SHADOW r2.41 o0.0,0.0 s0.93 #000000@0.05",,7
#D9D9D9~0.4,BACKGROUND_BLUR r29.25,,7
,BACKGROUND_BLUR r4.18 | LAYER_BLUR r1.07,,7
GRADIENT_LINEAR(#FFFFFF@0.8>#FFFFFF@0.8),,,7
,LAYER_BLUR r0.23,,7
#17A5FE,,Bai Jamjuree 600 32.0,6
#EE443F,,Inter 400 14.0,6
IMAGE:ec7d45753f7b499090babef1fdab7e94739d394a,,,6
IMAGE:b3a217d7d706b62d71cff378ff90dce2e5ce999c,,,6
IMAGE:e58cefd4009e756910f584f286938083abbd883b,,,6
IMAGE:4bf886ae84e3d0d388656ffe93c5658ec7902c21,,,6
IMAGE:bfde0ffca6e8c649fa0b3d33b2e4ad2564d87d49,,,6
IMAGE:66be30962619b893bad795fdee48f38817e2b87a,,,6
GRADIENT_LINEAR(#FFFFFF@0.6>#FFFFFF@0.3),"BACKGROUND_BLUR r15.16 | INNER_SHADOW r4.62 o1.2,1.1 #FFFFFF@0.126 | INNER_SHADOW r9.24 o2.1,2.0 #FFFFFF@0.126 | DROP_SHADOW r12.0 o-1.9,-1.7 #000000@0.15 | DROP_SHADOW r48.0 o-11.2,-10.4 #000000@0.15",,6
#FFFFFF,,Inter 700 200.0,6
IMAGE:cb239298d648802dfbc1e574a245898c801950a9,,,6
#9E9E9E,,Instrument Sans 600 32.0,6
#056BF1~0.49,,Instrument Sans 600 18.0,6
#85B6F8,,,6
#056BF1~0.47,,,6
IMAGE:edd611fdf9e086d81b8b1756b203815eff77db54,,,6
#F6F6F6,,,6
#FFFFFF,"DROP_SHADOW r15.5 o0.0,6.5 #5A72C8@0.1",,6
#131313,,Poppins 400 9.040299415588379,6
#131313,,Poppins 600 9.040299415588379,6
#FFFFFF,"DROP_SHADOW r24.0 o0.0,10.0 #5A72C8@0.1",,6
#131313,,Poppins 400 14.0,6
#131313,,Poppins 600 14.0,6
#698CFF,,Helvetica 700 24.0,6
#3766FF,,Helvetica 700 24.0,6
#ACF3FF,,,6
#5BE2FF,,,6
#2FC7ED,,,6
GRADIENT_LINEAR(#F6F6F6>#909090),,,6
GRADIENT_LINEAR(#FFFFFF>#737373),,,6
GRADIENT_LINEAR(#4D4D4D>#666666),,,6
GRADIENT_LINEAR(#00FFF9>#00FFF9),,,6
GRADIENT_LINEAR(#007FCC>#4ECCFE),,,6
GRADIENT_LINEAR(#DAA6FF@0.6>#F4E9FF@0.5),"GLASS | INNER_SHADOW r1.0 o0.5,1.0 #FFFFFF@0.4",,6
#00A565~0.9,,,6
#FE8209~0.9,,,6
#FFFFFF~0.1,GLASS,,6
#CECAC0 | IMAGE:74938e2f7c792064075dae1dd6a4cb6be5122caf~0.3 | IMAGE:edc7c6d7db7937efdd4952f6296bfe02330d5ab4~0.2,"INNER_SHADOW r4.0 o0.0,0.0 s6.0 #000000@0.3 | INNER_SHADOW r1.0 o0.0,0.0 s2.0 #000000@0.15",,6
#FFFFFF~0.4,,,5
IMAGE:659b8a4042206303f5639a52bcdeef0c71547a4e | GRADIENT_LINEAR(#000000@0.0>#00031E@0.95),,,5
#FFFFFF,"DROP_SHADOW r12.0 o0.0,0.0 #5ED5FE",Bai Jamjuree 600 48.0,5
,"DROP_SHADOW r0.0 o0.0,0.0 s3.0 #AEB6FB",,5
GRADIENT_LINEAR(#0D419A>#3296EE),,,5
GRADIENT_LINEAR(#D7EDFF>#F8F8F8),,,5
#535353,,,5
#FFAA00,,Manrope 600 16.0,5
IMAGE:a996931111256b2a1c9c7a4471967b735c86908c,,,5
#131927,,Bai Jamjuree 600 32.0,5
IMAGE:2759313ea300cb8bc714b0ed097cd1fe304ab68f,,,5
#3745AF,,Inter 400 10.0,5
#FFFFFF~0.6,,Inter 600 16.0,5
#FFFFFF,,Poppins 400 7.748828411102295,5
#FFFFFF,,Poppins 400 12.0,5
GRADIENT_LINEAR(#C99FFF>#BE85FF>#962AFF)~0.9,"BACKGROUND_BLUR r15.0 | INNER_SHADOW r1.0 o-0.5,-1.0 #FFFFFF@0.3 | INNER_SHADOW r1.0 o0.2,0.5 #FFFFFF@0.5",,5
GRADIENT_LINEAR(#5FDF43>#08BF68)~0.9,"BACKGROUND_BLUR r15.0 | INNER_SHADOW r1.0 o-0.5,-1.0 #FFFFFF@0.3 | INNER_SHADOW r1.0 o0.2,0.5 #FFFFFF@0.5",,5
GRADIENT_LINEAR(#FF6201>#FDBD19>#FCE724)~0.9,"BACKGROUND_BLUR r15.0 | INNER_SHADOW r1.0 o-0.5,-1.0 #FFFFFF@0.3 | INNER_SHADOW r1.0 o0.2,0.5 #FFFFFF@0.5",,5
GRADIENT_LINEAR(#FF01BB>#FF5DDE>#FFA4F9)~0.9,"BACKGROUND_BLUR r15.0 | INNER_SHADOW r1.0 o-0.5,-1.0 #FFFFFF@0.3 | INNER_SHADOW r1.0 o0.2,0.5 #FFFFFF@0.5",,5
GRADIENT_LINEAR(#FCE724>#FDBD19>#FF6201)~0.9,"BACKGROUND_BLUR r15.0 | INNER_SHADOW r1.0 o-0.5,-1.0 #FFFFFF@0.3 | INNER_SHADOW r1.0 o0.2,0.5 #FFFFFF@0.5",,5
GRADIENT_LINEAR(#F4805D@0.4>#FFD8BB@0.4),"GLASS | INNER_SHADOW r1.0 o0.5,1.0 #FFFFFF@0.4",,5
#F414CA,"GLASS | INNER_SHADOW r1.0 o0.5,1.0 #FFFFFF@0.4",,5
#FFFFFF,LAYER_BLUR r0.23,,5
IMAGE:9702f640cef7ad066551e86ea1e73774d93ffde0,,,4
#153C88,,Bai Jamjuree 600 32.0,4
#FFFFFF,,Bai Jamjuree 600 28.0,4
GRADIENT_LINEAR(#212121>#3C3C3C),,,4
IMAGE:2f395dcde7ebde35f1485fc9b0aba98d985fbb5d,,,4
#FFFFFF,,Bai Jamjuree 600 40.0,4
GRADIENT_LINEAR(#C8ECFF>#FFFFFF),,,4
IMAGE:cb56e50e04c3d3747d6def06c253a19546ebd829 | #000000~0.4,,,4
#0095FF,,Bai Jamjuree 600 48.0,4
#D2D5DB,,Bai Jamjuree 600 24.0,4
IMAGE:59aa11463b6b0d9e5120f17e08a58b4dea4f90d5,,,4
#FFFFFF~0.2,BACKGROUND_BLUR r11.9,,4
IMAGE:ea8dc03d4554fb7c77ff7faa111a4d2dfa72f82a,,,4
#0095FF,,Bai Jamjuree 600 32.0,4
GRADIENT_LINEAR(#51D6FF@0.5>#FFFFFF@0.5>#216BEB@0.5),"DROP_SHADOW r17.9 o-4.0,4.0 s6.0 #000000@0.2",,4
#FFFFFF,"DROP_SHADOW r17.9 o-4.0,4.0 s6.0 #000000@0.2",,4
GRADIENT_LINEAR(#FAFBFF>#EFF1FE),,,4
#056BF1,,Instrument Sans 600 24.0,4
#61AFEF~0.4,,,4
#131927,,Inter 500 12.0,4
IMAGE:ad67a8135ce0349785f54791fbce6c14be2170ee,,,4
#E7F5FF,,,4
GRADIENT_LINEAR(#FCE724>#FDBD19>#FF6201)~0.9,"BACKGROUND_BLUR r21.25 | INNER_SHADOW r1.42 o-0.7,-1.4 #FFFFFF@0.3 | INNER_SHADOW r1.42 o0.3,0.7 #FFFFFF@0.5",,4
#FDAB14~0.9,"BACKGROUND_BLUR r21.25 | INNER_SHADOW r1.42 o-0.7,-1.4 #FFFFFF@0.3 | INNER_SHADOW r1.42 o0.3,0.7 #FFFFFF@0.5",,4
GRADIENT_LINEAR(#F4805D@0.3>#FFFFFF@0.4),"GLASS | INNER_SHADOW r1.42 o0.7,1.4 #FFFFFF@0.4",,4
#6D717F,,Inter 400 12.0,4
#3745AF,,Inter 600 12.0,4
#3745AF,,Inter 600 10.0,4
#4E61F6,,Inter 400 14.0,4
#43B75D,,Inter 400 14.0,4
#0095FF,,Inter 400 14.0,4
#FFAA00,,Inter 400 14.0,4
#4E61F6,,Inter 600 10.0,4
#000000,,Poppins 400 7.748828411102295,4
#379FFF,,,4
#000000,,Poppins 400 12.0,4
#D9D9D9 | GRADIENT_LINEAR(#5F5A5A>#A9B0AD>#798170>#C7F2FA>#625B4F>#76786B),,,4
GRADIENT_LINEAR(#C6E7F3>#F5F5F5>#E2E2E2>#7C7C7C),,,4
GRADIENT_LINEAR(#7DEDFF>#67A7F8),,,4
GRADIENT_LINEAR(#FFFFFF@0.0>#737373),LAYER_BLUR r1.3,,4
#FFFFFF,LAYER_BLUR r1.8,,4
GRADIENT_LINEAR(#579AFF>#345C99),,,4
GRADIENT_LINEAR(#7DB3FF>#FFFFFF@0.0)~0.45,LAYER_BLUR r4.0,,4
GRADIENT_LINEAR(#5187E0>#FFFFFF@0.0),LAYER_BLUR r4.0,,4
GRADIENT_LINEAR(#333333>#666666),,,4
GRADIENT_LINEAR(#43A8FE>#4EADFE),,,4
#FFFFFF~0.9,"BACKGROUND_BLUR r15.0 | INNER_SHADOW r1.0 o-0.5,-1.0 #FFFFFF@0.3 | INNER_SHADOW r1.0 o0.2,0.5 #FFFFFF@0.5",,4
GRADIENT_LINEAR(#009CFC>#97F8FF)~0.9,"BACKGROUND_BLUR r15.0 | INNER_SHADOW r1.0 o-0.5,-1.0 #FFFFFF@0.3 | INNER_SHADOW r1.0 o0.2,0.5 #FFFFFF@0.5",,4
#00BC73~0.9,"BACKGROUND_BLUR r15.0 | INNER_SHADOW r1.0 o-0.5,-1.0 #FFFFFF@0.3 | INNER_SHADOW r1.0 o0.2,0.5 #FFFFFF@0.5",,4
GRADIENT_LINEAR(#DAA6FF>#DAA6FF),,,4
#CCCCCC,,,4
#000000~0.6,,Inter 500 100.0,4
#000000~0.6,,,3
#6D717F,,Inter 500 16.0,3
#3057B6,,Bai Jamjuree 600 18.0,3
#FFAA00,,Bai Jamjuree 600 16.0,3
GRADIENT_LINEAR(#74CEFF>#2C8BFF)~0.2,BACKGROUND_BLUR r11.9,,3
IMAGE:6df8c6ba7b1808a9f6cd6d42d00c823dfebde429 | #000000~0.4,,,3
#D2D5DB,,Bai Jamjuree 600 10.0,3
IMAGE:d3c62a65655b3889c7dd727463a41c1043cfcc79,,,3
IMAGE:ba3a56154561a7515ff26cc3600d9cfefa6f26a1,,,3
IMAGE:de56a0ff04c2a5988e834790ae770b26ccfae20c,,,3
IMAGE:76a3dfe699b988e73b3fffda73e38ee925223633,,,3
#FFFFFF,"DROP_SHADOW r13.15 o0.0,6.6 #0F172A@0.051",,3
#1E293B,,Inter 600 12.0,3
#FFFFFF,"DROP_SHADOW r10.42 o0.0,5.2 #0F172A@0.051",,3
#1E293B,,Inter 600 9.508403778076172,3
#FFFFFF,"DROP_SHADOW r5.01 o0.0,2.5 #0F172A@0.051",,3
#1E293B,,Inter 600 4.571921348571777,3
IMAGE:b46bc487f508b0aa21290df5616fa886d4f5f3e0,,,3
#000000,,Instrument Sans 700 36.0,3
#E0EAF7~0.89,,,3
#F5F6F8,,,3
#4A4C50,,Instrument Sans 500 15.0,3
#FFFFFF,"DROP_SHADOW r12.0 o0.0,6.0 #0F172A@0.051",,3
#1E293B,,Instrument Sans 600 11.0,3
#1C2026,,Inter 700 100.0,3
#131927,,Inter 400 10.0,3
#F16965,,,3
#FFFFFF,GLASS,,3
#E5E7EA,"DROP_SHADOW r0.0 o0.0,0.0 s3.0 #AEB6FB",,3
#9EA2AE,,Inter 600 18.0,3
#9EA2AE,,Inter 600 12.0,3
#9EA2AE,,Inter 600 10.0,3
GRADIENT_LINEAR(#B0D7F7>#F8F8F8),,,3
#000000,,Poppins 400 9.040299415588379,3
#000000,,Poppins 400 14.0,3
IMAGE:2e81ea14400cf93a580354040e5180db7755662f,,,3
IMAGE:995a734b6b9c88c3372d92633bb533d9d2e1aaf8,,,3
IMAGE:a8e7570e6842a39ea450b6e9dde3181a5784314d,,,3
GRADIENT_LINEAR(#22D1EE>#3D5AF1),,,3
GRADIENT_LINEAR(#22D1EE>#3D5AF1),LAYER_BLUR r29.0,,3
GRADIENT_LINEAR(#22D1EE>#3D5AF1),LAYER_BLUR r63.0,,3
GRADIENT_LINEAR(#A44BFF>#C29CFF)~0.9,"BACKGROUND_BLUR r15.0 | INNER_SHADOW r1.0 o-0.5,-1.0 #FFFFFF@0.3 | INNER_SHADOW r1.0 o0.2,0.5 #FFFFFF@0.5",,3
GRADIENT_LINEAR(#97F8FF>#69DCFE>#009CFC)~0.9,"BACKGROUND_BLUR r15.0 | INNER_SHADOW r1.0 o-0.5,-1.0 #FFFFFF@0.3 | INNER_SHADOW r1.0 o0.2,0.5 #FFFFFF@0.5",,3
GRADIENT_LINEAR(#F4805D@0.4>#FFCFAE@0.2),"GLASS | INNER_SHADOW r1.0 o0.5,1.0 #FFFFFF@0.4",,3
GRADIENT_LINEAR(#FFBE02@0.4>#FFFFFF@0.4),"GLASS | INNER_SHADOW r1.0 o0.5,1.0 #FFFFFF@0.4",,3
#118BEF~0.9,"BACKGROUND_BLUR r15.0 | INNER_SHADOW r1.0 o-0.5,-1.0 #FFFFFF@0.3 | INNER_SHADOW r1.0 o0.2,0.5 #FFFFFF@0.5",,3
#FDAB14~0.9,"BACKGROUND_BLUR r15.0 | INNER_SHADOW r1.0 o-0.5,-1.0 #FFFFFF@0.3 | INNER_SHADOW r1.0 o0.2,0.5 #FFFFFF@0.5",,3
GRADIENT_LINEAR(#01FFF7@0.4>#01FFF7@0.3),"GLASS | INNER_SHADOW r1.0 o0.5,1.0 #FFFFFF@0.4",,3
GRADIENT_LINEAR(#86E8FF>#00A1FC)~0.9,"BACKGROUND_BLUR r15.0 | INNER_SHADOW r1.0 o-0.5,-1.0 #FFFFFF@0.3 | INNER_SHADOW r1.0 o0.2,0.5 #FFFFFF@0.5",,3
GRADIENT_LINEAR(#666666>#999999),,,3
#FE8E0D~0.9,"BACKGROUND_BLUR r15.0 | INNER_SHADOW r1.0 o-0.5,-1.0 #FFFFFF@0.3 | INNER_SHADOW r1.0 o0.2,0.5 #FFFFFF@0.5",,3
#009CFC~0.9,"BACKGROUND_BLUR r15.0 | INNER_SHADOW r1.0 o-0.5,-1.0 #FFFFFF@0.3 | INNER_SHADOW r1.0 o0.2,0.5 #FFFFFF@0.5",,3
GRADIENT_LINEAR(#FFD8BB@0.4>#F4805D@0.3),"GLASS | INNER_SHADOW r1.0 o0.5,1.0 #FFFFFF@0.4",,3
#C27DFF,"GLASS | INNER_SHADOW r1.0 o0.5,1.0 #FFFFFF@0.4",,3
#FFFFFF~0.06,,,3
#FFFFFF~0.5 | #0088FF~0.95,,,3
#000000,,Inter 700 40.0,3
#E2F1FD,,,3
#007BE5,,DM Mono 500 40.0,3
#FFFFFF,"DROP_SHADOW r12.0 o0.0,0.0 #5ED5FE",Bai Jamjuree 600 32.0,2
#3057B6,,Bai Jamjuree 600 16.0,2
,"DROP_SHADOW r32.8 o4.0,4.0 #000000@0.63",,2
#3745AF,,Instrument Sans 600 32.0,2
#394050,,Inter 400 16.0,2
#F9FAFB,"DROP_SHADOW r17.9 o-4.0,4.0 s6.0 #000000@0.2",,2
IMAGE:e770c98e5a2c5046068cc1184571a71f3c1ee42c | #000000,,,2
IMAGE:04b7fb8a7a5e8744f28d5cb84967d217afd86886,,,2
IMAGE:d685ddc8c6f33805dd41686268c83cb6d4a27483,,,2
IMAGE:4f068f03865831961d08d6506fcb758d2c4b40cd,,,2
#E2E8F0,,JetBrains Mono 400 14.246013641357422,2
#E2E8F0,,JetBrains Mono 400 11.288070678710938,2
#E2E8F0,,JetBrains Mono 400 5.427637577056885,2
IMAGE:227bf1ad84f98f6acef905b3b60839ddb981baeb,,,2
#FFFFFF,,Instrument Sans 400 16.0,2
#E2E8F0,,JetBrains Mono 400 13.0,2
#5E9CFF,,,2
#F8CE46,,,2
#333B47,,,2
#AEB6FB,,,2
#292E37,,,2
#81A1B7,,Poppins 400 200.0,2
#4E61F6,,Bai Jamjuree 600 24.0,2
#131927,,Inter 400 12.0,2
#131927,,Inter 500 14.0,2
#131927,,Bai Jamjuree 600 10.0,2
#131927,,Bai Jamjuree 600 28.0,2
#3745AF,,Bai Jamjuree 600 48.0,2
#4E61F6,,Bai Jamjuree 600 48.0,2
#131927,,Inter 600 6.0,2
#000000~0.4,,,2
#7F8391,,Manrope 500 14.0,2
GRADIENT_LINEAR(#FFFFFF>#FFFFFF@0.0)~0.85,GLASS,,2
GRADIENT_LINEAR(#C8ECFF>#FFFFFF),GLASS,,2
#F2F6FD,GLASS,,2
#174293,,Manrope 500 12.0,2
#174293,,Manrope 800 20.0,2
#3057B6,,Manrope 500 12.0,2
#494949,,Manrope 700 18.0,2
#494949,,Manrope 400 10.0,2
#3057B6,,Manrope 600 12.0,2
#494949,,Manrope 600 14.0,2
#494949,,Manrope 400 8.0,2
#3057B6,,Manrope 700 10.0,2
GRADIENT_LINEAR(#97F8FF>#8EF3FF>#76E4FE>#4ECCFE>#18ABFC>#009CFC)~0.9,"BACKGROUND_BLUR r21.25 | INNER_SHADOW r1.42 o-0.7,-1.4 #FFFFFF@0.3 | INNER_SHADOW r1.42 o0.3,0.7 #FFFFFF@0.5",,2
GRADIENT_LINEAR(#DAA6FF@0.6>#DCA6FF@0.4),"GLASS | INNER_SHADOW r1.42 o0.7,1.4 #FFFFFF@0.4",,2
GRADIENT_LINEAR(#C99FFF>#BE85FF>#962AFF)~0.9,"BACKGROUND_BLUR r21.25 | INNER_SHADOW r1.42 o-0.7,-1.4 #FFFFFF@0.3 | INNER_SHADOW r1.42 o0.3,0.7 #FFFFFF@0.5",,2
#9043FF~0.9,"BACKGROUND_BLUR r21.25 | INNER_SHADOW r1.42 o-0.7,-1.4 #FFFFFF@0.3 | INNER_SHADOW r1.42 o0.3,0.7 #FFFFFF@0.5",,2
GRADIENT_LINEAR(#4EAEFE@0.2>#41A2FE@0.4),"GLASS | INNER_SHADOW r1.42 o0.7,1.4 #FFFFFF@0.4",,2
#153C88,,Inter 400 16.0,2
GRADIENT_LINEAR(#1B1F3E>#000318),,Bai Jamjuree 600 18.0,2
#0095FF,,Inter 600 16.0,2
IMAGE:3300f49432566f26c729116d46a6b9e200783b9e~0.4,,,2
#0095FF,,Inter 600 12.0,2
#FFFFFF,,Bai Jamjuree 600 48.0,2
#9EA2AE,,Inter 400 12.0,2
#EE443F,,Inter 600 16.0,2
#EE443F,,Inter 400 16.0,2
GRADIENT_LINEAR(#5685FF>#66FFD5)~0.4,LAYER_BLUR r21.96,,2
GRADIENT_LINEAR(#5685FF>#66FFD5)~0.7,LAYER_BLUR r21.96,,2
#FFFFFF,,Poppins 400 10.331770896911621,2
#FFFFFF,,Poppins 600 15.49765682220459,2
#FFFFFF,,Poppins 400 7.103092670440674,2
GRADIENT_LINEAR(#37D7A7>#F6FF93),,,2
GRADIENT_LINEAR(#5685FF>#66FFD5)~0.4,LAYER_BLUR r34.0,,2
GRADIENT_LINEAR(#5685FF>#66FFD5)~0.7,LAYER_BLUR r34.0,,2
#FFFFFF,,Poppins 400 16.0,2
#FFFFFF,,Poppins 600 24.0,2
#FFFFFF,,Poppins 400 11.0,2
GRADIENT_RADIAL(#339BFA>#FFFFFF),,,2
GRADIENT_LINEAR(#1F4380@0.0>#1F4380)~0.26,LAYER_BLUR r6.0,,2
GRADIENT_LINEAR(#1F4380@0.0>#1F4380)~0.83,LAYER_BLUR r6.0,,2
GRADIENT_LINEAR(#1F4380>#345C99)~0.34,LAYER_BLUR r6.0,,2
#65A3FF~0.84,,,2
GRADIENT_LINEAR(#579AFF>#97C0FF@0.739>#B6D3FF@0.61>#64A1FD),,,2
#646464,,,2
GRADIENT_LINEAR(#4071BA>#63A8FF),,,2
GRADIENT_LINEAR(#38589B>#6FB6FE),"INNER_SHADOW r4.0 o-3.0,1.0 #000000@0.25",,2
#000000,LAYER_BLUR r1.8,,2
GRADIENT_LINEAR(#FFFFFF@0.0>#FFFFFF@0.7),LAYER_BLUR r3.1,,2
GRADIENT_LINEAR(#6EB5FD>#3564BB),,,2
GRADIENT_LINEAR(#7DB3FF>#FFFFFF@0.0)~0.34,LAYER_BLUR r4.0,,2
GRADIENT_LINEAR(#FFFFFF@0.0>#B9B9B9),LAYER_BLUR r11.3,,2
GRADIENT_LINEAR(#7DEDFF>#67A7F8),LAYER_BLUR r8.7,,2
#C0C0C0 | GRADIENT_LINEAR(#5F5A5A>#A9B0AD>#798170>#C7F2FA>#625B4F>#76786B),,,2
GRADIENT_LINEAR(#668FFF>#3D5699),,,2
GRADIENT_LINEAR(#7DB3FF>#FFFFFF@0.0)~0.44,LAYER_BLUR r68.4,,2
GRADIENT_LINEAR(#FFFFFF@0.0>#FFFFFF)~0.39,LAYER_BLUR r3.1,,2
GRADIENT_LINEAR(#ADADAD>#F4F4F4>#FFFFFF>#7DEDFF),,,2
,"INNER_SHADOW r11.3 o-4.0,-2.0 #000000@0.25 | INNER_SHADOW r4.0 o2.0,-1.0 #FFFFFF@0.25",,2
GRADIENT_LINEAR(#FFFFFF>#C5C5C5),,,2
GRADIENT_LINEAR(#D9D9D9@0.5>#737373),LAYER_BLUR r6.9,,2
GRADIENT_LINEAR(#4374FA>#3D69EB>#264886),,,2
GRADIENT_LINEAR(#FFFFFF@0.0>#414141),LAYER_BLUR r7.8,,2
GRADIENT_LINEAR(#FFFFFF)~0.27,LAYER_BLUR r4.4,,2
GRADIENT_RADIAL(#FFFFFF>#FFFFFF@0.0)~0.47,LAYER_BLUR r5.0,,2
GRADIENT_RADIAL(#FFFFFF>#FFFFFF@0.0)~0.1,LAYER_BLUR r4.0,,2
GRADIENT_LINEAR(#FFFFFF>#FFFFFF@0.0)~0.04,LAYER_BLUR r4.0,,2
#B0B1AD | GRADIENT_LINEAR(#5F5A5A>#A9B0AD>#798170>#C7F2FA>#625B4F>#76786B),"INNER_SHADOW r4.0 o3.0,-1.0 #000000@0.25 | DROP_SHADOW r2.1 o-2.0,0.0 #000000@0.25",,2
GRADIENT_RADIAL(#4D8AFE>#1F4286),"INNER_SHADOW r3.5 o4.0,2.0 #000000@0.26",,2
GRADIENT_LINEAR(#FFFFFF>#FFFFFF@0.0)~0.74,LAYER_BLUR r7.5,,2
GRADIENT_LINEAR(#7DEDFF>#67A7F8),LAYER_BLUR r15.7,,2
GRADIENT_LINEAR(#668FFF>#3D5699),"INNER_SHADOW r4.0 o0.0,-1.0 #000000@0.25",,2
GRADIENT_LINEAR(#F9F9F9>#939393),,,2
GRADIENT_LINEAR(#FFFFFF@0.0>#B9B9B9)~0.64,LAYER_BLUR r11.3,,2
GRADIENT_LINEAR(#7DB3FF>#FFFFFF@0.0)~0.53,LAYER_BLUR r34.8,,2
GRADIENT_LINEAR(#7DB3FF@0.68>#FFFFFF@0.0)~0.06,LAYER_BLUR r4.0,,2
GRADIENT_LINEAR(#FFFFFF@0.0>#FFFFFF)~0.67,LAYER_BLUR r3.1,,2
GRADIENT_LINEAR(#214271>#FFFFFF@0.0),LAYER_BLUR r4.0,,2
GRADIENT_LINEAR(#F1F1F1>#B1B1B1),,,2
GRADIENT_LINEAR(#5F5A5A>#A9B0AD>#798170>#C7F2FA>#625B4F>#76786B),,,2
GRADIENT_LINEAR(#FDFCF1>#FFFFFF>#D9D9D9>#737373),,,2
GRADIENT_LINEAR(#FFFFFF>#FFFFFF@0.0),LAYER_BLUR r4.0,,2
GRADIENT_LINEAR(#FFFFFF@0.0>#FFFFFF),LAYER_BLUR r3.1,,2
GRADIENT_LINEAR(#FFFFFF@0.0>#FFFFFF)~0.87,LAYER_BLUR r3.1,,2
#000000,LAYER_BLUR r3.1,,2
GRADIENT_LINEAR(#FFFFFF>#EAEAEA),"INNER_SHADOW r5.5 o0.0,-6.0 #7B7B7B@0.25",,2
GRADIENT_LINEAR(#79DDFE>#579AFF>#345C99),,,2
GRADIENT_LINEAR(#FFFFFF@0.0>#CDCDCD),LAYER_BLUR r3.7,,2
GRADIENT_LINEAR(#7DEDFF>#67A7F8),"INNER_SHADOW r4.0 o2.0,-2.0 #000000@0.1",,2
GRADIENT_LINEAR(#7DEDFF>#67A7F8),LAYER_BLUR r6.1,,2
#FFFFFF~0.78,LAYER_BLUR r6.1,,2
GRADIENT_LINEAR(#FFFFFF@0.0>#0A87FA)~0.27,LAYER_BLUR r9.3,,2
GRADIENT_LINEAR(#7DB3FF>#FFFFFF@0.0)~0.73,LAYER_BLUR r6.9,,2
GRADIENT_LINEAR(#7DB3FF>#FFFFFF@0.0)~0.34,LAYER_BLUR r5.8,,2
GRADIENT_LINEAR(#B9B9B9>#FFFFFF@0.0)~0.34,LAYER_BLUR r12.0,,2
#3F50FF~0.95 | IMAGE:797d52bd562830069a340dca677816b27ddfadbc | GRADIENT_RADIAL(#001A33@0.75>#000D19),,,2
#55B9FF,,,2
#02AF64~0.4,"GLASS | INNER_SHADOW r1.0 o0.5,1.0 #FFFFFF@0.4",,2
#67CADD~0.9,"BACKGROUND_BLUR r15.0 | INNER_SHADOW r1.0 o-0.5,-1.0 #FFFFFF@0.3 | INNER_SHADOW r1.0 o0.2,0.5 #FFFFFF@0.5",,2
#FE910D~0.9,"BACKGROUND_BLUR r15.0 | INNER_SHADOW r1.0 o-0.5,-1.0 #FFFFFF@0.3 | INNER_SHADOW r1.0 o0.2,0.5 #FFFFFF@0.5",,2
GRADIENT_LINEAR(#97F8FF>#89F0FF>#40C3FD>#12A7FC>#009CFC)~0.9,"BACKGROUND_BLUR r15.0 | INNER_SHADOW r1.0 o-0.5,-1.0 #FFFFFF@0.3 | INNER_SHADOW r1.0 o0.2,0.5 #FFFFFF@0.5",,2
GRADIENT_LINEAR(#009CFC>#4ECCFE),,,2
GRADIENT_LINEAR(#1476ED>#1476ED@0.0),,,2
GRADIENT_LINEAR(#F4805D@0.3>#FFFFFF@0.4),"GLASS | INNER_SHADOW r1.0 o0.5,1.0 #FFFFFF@0.4",,2
GRADIENT_LINEAR(#FCE724>#FCE022>#FCCC1D>#FDAC15>#FE8009>#FE7D08)~0.9,"BACKGROUND_BLUR r15.0 | INNER_SHADOW r1.0 o-0.5,-1.0 #FFFFFF@0.3 | INNER_SHADOW r1.0 o0.2,0.5 #FFFFFF@0.5",,2
#5CDE45~0.9,"BACKGROUND_BLUR r15.0 | INNER_SHADOW r1.0 o-0.5,-1.0 #FFFFFF@0.3 | INNER_SHADOW r1.0 o0.2,0.5 #FFFFFF@0.5",,2
GRADIENT_LINEAR(#B8FFFB@0.4>#01FFF7@0.4),"GLASS | INNER_SHADOW r1.0 o0.5,1.0 #FFFFFF@0.4",,2
GRADIENT_LINEAR(#999999>#666666),,,2
#C7A4E1~0.9,"BACKGROUND_BLUR r15.0 | INNER_SHADOW r1.0 o-0.5,-1.0 #FFFFFF@0.3 | INNER_SHADOW r1.0 o0.2,0.5 #FFFFFF@0.5",,2
GRADIENT_LINEAR(#009CFC>#97F8FF)~0.9,"GLASS | INNER_SHADOW r1.0 o0.5,1.0 #FFFFFF@0.4",,2
GRADIENT_LINEAR(#FCE724>#FCE022>#FCCC1D>#FDAC15>#FE8009>#FE7D08)~0.9,"GLASS | INNER_SHADOW r1.0 o0.5,1.0 #FFFFFF@0.4",,2
#FFFFFF~0.9,"GLASS | INNER_SHADOW r1.0 o0.5,1.0 #FFFFFF@0.4",,2
#C99FFF~0.9,"GLASS | INNER_SHADOW r1.0 o0.5,1.0 #FFFFFF@0.4",,2
GRADIENT_LINEAR(#FFA4F9>#FF98F4>#FF77E8>#FF42D4>#FF01BB)~0.9,"BACKGROUND_BLUR r15.0 | INNER_SHADOW r1.0 o-0.5,-1.0 #FFFFFF@0.3 | INNER_SHADOW r1.0 o0.2,0.5 #FFFFFF@0.5",,2
GRADIENT_LINEAR(#FFA4F9>#FF86EE>#FF4DD8>#FF24C8>#FF0ABF>#FF01BB)~0.9,"BACKGROUND_BLUR r15.0 | INNER_SHADOW r1.0 o-0.5,-1.0 #FFFFFF@0.3 | INNER_SHADOW r1.0 o0.2,0.5 #FFFFFF@0.5",,2
GRADIENT_LINEAR(#FFA4F9>#FF59DC>#FF1AC4>#FF01BB)~0.9,"BACKGROUND_BLUR r15.0 | INNER_SHADOW r1.0 o-0.5,-1.0 #FFFFFF@0.3 | INNER_SHADOW r1.0 o0.2,0.5 #FFFFFF@0.5",,2
#0060FD,"GLASS | INNER_SHADOW r1.0 o0.5,1.0 #FFFFFF@0.4",,2
GRADIENT_LINEAR(#FFFFFF>#278EFF)~0.2,"GLASS | INNER_SHADOW r1.0 o0.5,1.0 #FFFFFF@0.4",,2
#B7E4FF~0.9,"BACKGROUND_BLUR r15.0 | INNER_SHADOW r1.0 o-0.5,-1.0 #FFFFFF@0.3 | INNER_SHADOW r1.0 o0.2,0.5 #FFFFFF@0.5",,2
GRADIENT_LINEAR(#FFA4F9>#FF5DDE>#FF01BB)~0.9,"BACKGROUND_BLUR r15.0 | INNER_SHADOW r1.0 o-0.5,-1.0 #FFFFFF@0.3 | INNER_SHADOW r1.0 o0.2,0.5 #FFFFFF@0.5",,2
GRADIENT_LINEAR(#DCA6FF@0.4>#DAA6FF@0.6),"GLASS | INNER_SHADOW r1.0 o0.5,1.0 #FFFFFF@0.4",,2
#0576E5~0.9,"BACKGROUND_BLUR r15.0 | INNER_SHADOW r1.0 o-0.5,-1.0 #FFFFFF@0.3 | INNER_SHADOW r1.0 o0.2,0.5 #FFFFFF@0.5",,2
#00BFBF~0.9,"BACKGROUND_BLUR r15.0 | INNER_SHADOW r1.0 o-0.5,-1.0 #FFFFFF@0.3 | INNER_SHADOW r1.0 o0.2,0.5 #FFFFFF@0.5",,2
GRADIENT_LINEAR(#FE7D08>#FDA513>#FDC91C>#FCDF22>#FCE724)~0.9,"BACKGROUND_BLUR r15.0 | INNER_SHADOW r1.0 o-0.5,-1.0 #FFFFFF@0.3 | INNER_SHADOW r1.0 o0.2,0.5 #FFFFFF@0.5",,2
#1D9DFC,"GLASS | INNER_SHADOW r1.0 o0.5,1.0 #FFFFFF@0.4",,2
GRADIENT_LINEAR(#97F8FF>#8EF2FE>#76E2FB>#4EC7F6>#18A3F0>#0093ED)~0.9,"BACKGROUND_BLUR r15.0 | INNER_SHADOW r1.0 o-0.5,-1.0 #FFFFFF@0.3 | INNER_SHADOW r1.0 o0.2,0.5 #FFFFFF@0.5",,2
#0093ED~0.9,"BACKGROUND_BLUR r15.0 | INNER_SHADOW r1.0 o-0.5,-1.0 #FFFFFF@0.3 | INNER_SHADOW r1.0 o0.2,0.5 #FFFFFF@0.5",,2
GRADIENT_LINEAR(#FFFFFF@0.8>#FFFFFF@0.8)~0.8,,,2
GRADIENT_LINEAR(#FFFFFF>#FFFFFF@0.0),"LAYER_BLUR r0.23 | DROP_SHADOW r0.12 o0.0,0.2 #000000@0.1",,2
GRADIENT_LINEAR(#FFFFFF@0.8>#FFFFFF@0.8)~0.8,"INNER_SHADOW r1.86 o0.0,-0.8 #FFFFFF@0.15",,2
GRADIENT_LINEAR(#FFFFFF>#FFFFFF@0.0),LAYER_BLUR r0.23,,2
#F6F6F4,,,2
,"DROP_SHADOW r1.17 o0.3,0.2 #000000@0.12 | LAYER_BLUR r0.46",,2
,LAYER_BLUR r0.84,,2
#FFFFFF,,SF Pro 700 14.960262298583984,2
#FFFFFF,,SF Pro 700 26.59602165222168,2
#B4AD98 | IMAGE:74938e2f7c792064075dae1dd6a4cb6be5122caf~0.3 | IMAGE:edc7c6d7db7937efdd4952f6296bfe02330d5ab4~0.2,"INNER_SHADOW r4.0 o0.0,0.0 s6.0 #000000@0.3 | INNER_SHADOW r1.0 o0.0,0.0 s2.0 #000000@0.15",,2
#454C60 | IMAGE:74938e2f7c792064075dae1dd6a4cb6be5122caf~0.3 | IMAGE:edc7c6d7db7937efdd4952f6296bfe02330d5ab4~0.2,"INNER_SHADOW r3.0 o0.0,0.0 s6.0 #000000@0.3 | INNER_SHADOW r1.0 o0.0,0.0 s2.0 #000000@0.4",,2
#454545 | IMAGE:74938e2f7c792064075dae1dd6a4cb6be5122caf~0.3 | IMAGE:edc7c6d7db7937efdd4952f6296bfe02330d5ab4~0.2,"INNER_SHADOW r3.0 o0.0,0.0 s6.0 #000000@0.3 | INNER_SHADOW r1.0 o0.0,0.0 s2.0 #000000@0.4",,2
#0D99FF,,,2
#003F6B,,Bai Jamjuree 500 48.0,1
#153C88,,Bai Jamjuree 600 24.0,1
#353535,,,1
,"DROP_SHADOW r18.17 o2.2,2.2 #000000@0.63",,1
,"DROP_SHADOW r19.39 o2.4,2.4 #000000@0.63",,1
#6F6F6F,,,1
#E7F5FE~0.8,BACKGROUND_BLUR r11.9,,1
#FFAA00,,Manrope 600 14.0,1
#3745AF,,Bai Jamjuree 600 18.0,1
#D1D1D1,,,1
#0095FF,,Bai Jamjuree 600 10.0,1
IMAGE:73eec6dd7283b2477fefe82704ed4e09ff34509c | #000000~0.4,,,1
#394050,,Inter 400 14.0,1
IMAGE:6d85b9ff8507a02335940843a416a8d6231b6cac,,,1
IMAGE:49d476cf082dea5a107348de3f3c7cbdc48a2404,,,1
IMAGE:cdaf2ba9af12cd86eb7072e8ffb5f0ad4bd22f10,,,1
IMAGE:6fa4259e799eeb1cdac4542df9423d16a00051e9,,,1
IMAGE:5ef9cf50427ffa350100541b785e476b96265090,,,1
IMAGE:a9d28a1d15dfbffd226c3b9db22ea3135638c1d3,,,1
IMAGE:29367799996a7ab7113494da903a6dca8ccf34a6,,,1
IMAGE:2b352ffe0beb2cd8216f03370e31515222bf75cf,,,1
IMAGE:fce93e658d581addcaf5a2d1788d36007bbed7af,,,1
#11162B,"DROP_SHADOW r26.3 o0.0,13.2 #0F172A@0.149",,1
#5D45F9,"DROP_SHADOW r17.53 o0.0,11.0 #4F46E5@0.251",,1
#FFFFFF,,Instrument Sans 700 17.533554077148438,1
#FFFFFF,"DROP_SHADOW r17.53 o0.0,8.8 #6366F1@0.071",,1
#000000,,Instrument Sans 700 28.492027282714844,1
#1E293B,,Instrument Sans 700 13.150166511535645,1
#11162B,"DROP_SHADOW r20.84 o0.0,10.4 #0F172A@0.149",,1
#5D45F9,"DROP_SHADOW r13.89 o0.0,8.7 #4F46E5@0.251",,1
#FFFFFF,,Instrument Sans 700 13.893009185791016,1
#FFFFFF,"DROP_SHADOW r13.89 o0.0,6.9 #6366F1@0.071",,1
#000000,,Instrument Sans 700 22.576141357421875,1
#1E293B,,Instrument Sans 700 10.419757843017578,1
#D2D5DB,,Bai Jamjuree 600 14.0,1
#11162B,"DROP_SHADOW r10.02 o0.0,5.0 #0F172A@0.149",,1
#5D45F9,"DROP_SHADOW r6.68 o0.0,4.2 #4F46E5@0.251",,1
#FFFFFF,,Instrument Sans 700 6.680169105529785,1
#FFFFFF,"DROP_SHADOW r6.68 o0.0,3.3 #6366F1@0.071",,1
#000000,,Instrument Sans 700 10.85527515411377,1
#1E293B,,Instrument Sans 700 5.010127544403076,1
#838383,,,1
#E5DED8,,,1
#E4DDD7,,,1
IMAGE:cedd0b0eff5c8e9e787e08fdca277479081b2851,,,1
IMAGE:f160598af438df282b731f1cd5ca33b137394952,,,1
IMAGE:df5bbb2c06dde8d56c71e95cf76f586ff3453191,,,1
IMAGE:0ac7702da6b415fbbb9cd33554c4c4740a797928,,,1
IMAGE:cf706befdf5cea3a19afa58f8b4245d9aee3541a,,,1
IMAGE:fdd859214dd47aedc59a8f9f1d1fc1390cd16d22,,,1
IMAGE:0aa2026c11e3b278a96d63e27d44c05df0ea9cee,,,1
IMAGE:1b7c1a01ba18f523658c9ef4da30db6ab6b4b79c,,,1
IMAGE:41d48892c579c942498f0750665d6493fec7593a,,,1
IMAGE:b3adfa71733c711dfb2b075c4e394b82010d1835 | GRADIENT_LINEAR(#000000@0.0>#00031E@0.95),,,1
IMAGE:76fc238e237ede899c2e9393ca6f6fbfd365a3bb | GRADIENT_LINEAR(#000000@0.0>#00031E@0.95),,,1
IMAGE:f464563f96bd0a857496574d1598c78175acc83f | GRADIENT_LINEAR(#000000@0.0>#00031E@0.95),,,1
IMAGE:cb56e50e04c3d3747d6def06c253a19546ebd829 | GRADIENT_LINEAR(#000000@0.0>#00031E@0.95),,,1
IMAGE:26d8f964bf03d405160088187c7537732619b241,,,1
IMAGE:e38a1e7ca83670fd0cfdc20df19e3a092975b01d,,,1
IMAGE:4b32239ed5a726292f7717fb43830b13bb4a3188,,,1
IMAGE:2481545f4cc6e4104549af3eaac38b2ee01b0507,,,1
IMAGE:ab090fb7ebd411435a56bb2ef7dade4d7581e16f,,,1
IMAGE:a6cda12ab2523b620f04477c708bc6372296af9c,,,1
#000000,,Instrument Sans 600 33.87889862060547,1
#000000,,Instrument Sans 400 24.0,1
#E0EAF7,,,1
IMAGE:6d4909a46d835f79280232d5efa8fc2192cf92c7,,,1
IMAGE:fc69b32132826e519c9f5d92df3e4efb858b4905,,,1
IMAGE:da89351ffa46a57a8144ed76bbcdb512ed91744b,,,1
IMAGE:351d4eecaa5cac0b70b14580ce59875814d26fea,"DROP_SHADOW r4.0 o0.0,4.0 #000000@0.25",,1
IMAGE:b2211bdf79a13ce3b031804dc3e3d2635cd97561~0.7,,,1
#2B2A2D,"DROP_SHADOW r32.79 o0.0,16.4 #0F172A@0.18",,1
#FFFFFF,,Instrument Sans 600 16.0,1
#2B2A2D,"DROP_SHADOW r36.41 o0.0,18.2 #0F172A@0.18",,1
#FFFFFF,,Instrument Sans 600 15.0,1
IMAGE:ed7fbaa86255ad0e5c9ef2b57f9e0094547091f7 | IMAGE:ed7fbaa86255ad0e5c9ef2b57f9e0094547091f7 | IMAGE:ed7fbaa86255ad0e5c9ef2b57f9e0094547091f7 | IMAGE:ed7fbaa86255ad0e5c9ef2b57f9e0094547091f7,,,1
#4A4C50,,Instrument Sans 600 15.0,1
#FFFFFF,,Instrument Sans 500 15.0,1
#056BF1,,Instrument Sans 600 64.0,1
#056BF1,,Instrument Sans 600 56.0,1
#E8EBFF,LAYER_BLUR r80.0,,1
#11162B,"DROP_SHADOW r24.0 o0.0,12.0 #0F172A@0.149",,1
#FFFFFF,"DROP_SHADOW r16.0 o0.0,8.0 #6366F1@0.071",,1
#000000,,Instrument Sans 700 26.0,1
#1E293B,,Instrument Sans 700 12.0,1
#5D45F9,"DROP_SHADOW r16.0 o0.0,10.0 #4F46E5@0.251",,1
#FFFFFF,,Instrument Sans 700 16.0,1
#AEB6FB,,Poppins 700 200.0,1
#0099FF,,Poppins 700 200.0,1
#131927,,Inter 500 10.0,1
#131927,,Bai Jamjuree 600 12.0,1
#131927,,Bai Jamjuree 600 40.0,1
#131927,,Bai Jamjuree 600 14.0,1
#131927,,Inter 600 16.0,1
#131927,,Inter 600 12.0,1
#000000~0.9,,,1
#000000~0.8,,,1
#000000~0.7,,,1
#000000~0.5,,,1
#000000~0.3,,,1
#000000~0.2,,,1
#000000~0.1,,,1
#FFFFFF~0.9,,,1
#FFFFFF~0.5,,,1
#FFFFFF~0.3,,,1
#FFFFFF~0.2,,,1
#FFFFFF~0.1,,,1
#7181F8,,,1
#8895F9,,,1
#212936,,,1
#394050,,,1
#4D5461,,,1
#1C4D27,,,1
#256533,,,1
#308242,,,1
#3DA755,,,1
#69C57D,,,1
#81CF92,,,1
#A9DEB4,,,1
#C5E9CD,,,1
#641D1A,,,1
#832523,,,1
#A9302D,,,1
#D93E39,,,1
#F4827E,,,1
#F7A9A7,,,1
#FAC5C3,,,1
#6B4700,,,1
#8C5E00,,,1
#B57900,,,1
#E89B00,,,1
#FFBB33,,,1
#FFC654,,,1
#FFD88A,,,1
#FFE5B0,,,1
#003F6B,,,1
#00528C,,,1
#006AB5,,,1
#0088E8,,,1
#33AAFF,,,1
#C0C0C0,,,1
#C3C3C2,,,1
IMAGE:5a71e13257a04faf383e709f52fe1f80026041b9,,,1
IMAGE:edd611fdf9e086d81b8b1756b203815eff77db54 | GRADIENT_LINEAR(#002C85@0.0>#241D74)~0.5,,,1
#17A5FE,,Manrope 500 20.0,1
#17A5FE,,Manrope 800 30.0,1
#153C88,,Manrope 500 20.0,1
#153C88,,Manrope 800 30.0,1
#3D5AF1,,Manrope 500 20.0,1
#3D5AF1,,Manrope 800 30.0,1
#394050,,Manrope 500 14.0,1
#174293,,Manrope 500 20.0,1
#174293,,Manrope 800 30.0,1
#3057B6,,Manrope 500 14.0,1
#17A5FE,,Manrope 500 12.0,1
#17A5FE,,Manrope 700 20.0,1
#7F8391,,Manrope 500 12.0,1
#25A2CC,,Manrope 500 12.0,1
#25A2CC,,Manrope 700 20.0,1
#09799F,,Manrope 500 12.0,1
#0095FF,,Inter 600 18.0,1
GRADIENT_LINEAR(#B0DEFF@0.3>#FFFFFF),"DROP_SHADOW r4.0 o0.0,4.0 #000000@0.25",,1
#3745AF,,Bai Jamjuree 600 40.0,1
GRADIENT_LINEAR(#B0DEFF@0.3>#FFFFFF),,,1
#5A5A5A,,,1
#18191A,,Bai Jamjuree 600 16.0,1
#18191A,,Manrope 600 16.0,1
#153C88,,Inter 400 14.0,1
GRADIENT_LINEAR(#1B1F3E>#000318),,Bai Jamjuree 600 16.0,1
#18191A,,Inter 400 14.0,1
#E4E4E4,,,1
#C3C3C3,,,1
#0095FF,,Bai Jamjuree 600 16.0,1
#3745AF,,Bai Jamjuree 600 16.0,1
#C1C0C0,,,1
#FFFFFF,"DROP_SHADOW r8.0 o0.0,8.0 s-4.0 #131927@0.08 | DROP_SHADOW r6.0 o0.0,4.0 s-4.0 #131927@0.12",,1
#FFFFFF,"DROP_SHADOW r16.0 o0.0,8.0 s-6.0 #131927@0.08 | DROP_SHADOW r8.0 o0.0,6.0 s-6.0 #131927@0.12",,1
#FFFFFF,"DROP_SHADOW r24.0 o0.0,8.0 s-4.0 #131927@0.08 | DROP_SHADOW r12.0 o0.0,6.0 s-6.0 #131927@0.12",,1
#FFFFFF,"DROP_SHADOW r42.0 o0.0,12.0 s-4.0 #131927@0.12 | DROP_SHADOW r18.0 o0.0,8.0 s-6.0 #131927@0.12",,1
#FFFFFF,"DROP_SHADOW r64.0 o0.0,14.0 s-4.0 #131927@0.12 | DROP_SHADOW r22.0 o0.0,8.0 s-6.0 #131927@0.12",,1
#FFFFFF,"DROP_SHADOW r88.0 o0.0,18.0 s-4.0 #131927@0.14 | DROP_SHADOW r28.0 o0.0,8.0 s-6.0 #131927@0.12",,1
IMAGE:f5d9953d74a1e5c0ece21546d887f5321cef4a0f,,,1
IMAGE:9a37039c83427847b5ba2966c4d79d0591b81cb9,,,1
IMAGE:7c47c71a67928912af812e9f66caa7e4815c32bc,,,1
IMAGE:b1cdb53c898b0537c86186f9966b56bfa8dd879e,,,1
#EE443F,,Inter 600 14.0,1
#EE443F,,Inter 600 12.0,1
#EE443F,,Inter 600 10.0,1
#43B75D,,Inter 600 14.0,1
#43B75D,,Inter 600 12.0,1
#43B75D,,Inter 600 10.0,1
#FFAA00,,Inter 600 14.0,1
#FFAA00,,Inter 600 12.0,1
#FFAA00,,Inter 600 10.0,1
#FFFFFF,,Bai Jamjuree 600 32.0,1
#FFFFFF,,Bai Jamjuree 600 24.0,1
#FFFFFF,,Inter 500 12.0,1
#4E61F6,"DROP_SHADOW r0.0 o0.0,0.0 s3.0 #AEB6FB",,1
#43B75D,,Inter 600 16.0,1
#FFAA00,,Inter 600 16.0,1
#FFFFFF~0.6,,Inter 400 14.0,1
#AEB6FB,,Inter 600 18.0,1
#AEB6FB,,Inter 600 16.0,1
#AEB6FB,,Inter 600 14.0,1
#AEB6FB,,Inter 600 12.0,1
#AEB6FB,,Inter 600 10.0,1
#6D717F,,Inter 600 18.0,1
#6D717F,,Inter 600 10.0,1
#8895F9,"DROP_SHADOW r48.0 o8.0,8.0 #60637B@0.48",,1
#04080F,,SF Pro Text 600 9.686036109924316,1
#000000,,Poppins 400 11.623242378234863,1
#47F9EE,LAYER_BLUR r21.96,,1
#64FFC7,LAYER_BLUR r41.33,,1
#64FFC7,LAYER_BLUR r21.96,,1
#C7FF81,LAYER_BLUR r41.33,,1
GRADIENT_LINEAR(#356EFF>#54FFCC)~0.8,BACKGROUND_BLUR r3.87,,1
#04080F,,SF Pro Text 600 15.0,1
#000000,,Poppins 400 18.0,1
#47F9EE,LAYER_BLUR r34.0,,1
#64FFC7,LAYER_BLUR r64.0,,1
#64FFC7,LAYER_BLUR r34.0,,1
#C7FF81,LAYER_BLUR r64.0,,1
GRADIENT_LINEAR(#356EFF>#54FFCC)~0.8,BACKGROUND_BLUR r6.0,,1
#0C1014,,Helvetica 700 40.0,1
GRADIENT_LINEAR(#00C2FD@0.1>#1C41BB),,,1
IMAGE:91bba36ec3365c374e6d055db34ed3084f2f0022,,,1
IMAGE:98a5baa83bb3bc9da86ae01355cd21ea51de1b72,,,1
#FFFFFF,,Inter 400 161.7451629638672,1
IMAGE:a3de95c59dd0d73a7c237c0687e0e510ae836b4f,,,1
IMAGE:764215ac86c0a12a311c29802c2eee638d639788,,,1
IMAGE:fdc9428483eba8254d0e59befc7fcafe6facd7c0,,,1
IMAGE:43fbd31798581d9d3cd7d38570b1968be467519c,,,1
IMAGE:fdf3183f5f22d212fa045240de1ebfdfd2c8c548,,,1
IMAGE:a5cb7eaec6c02441843adb53c5a4903886b5a090,,,1
IMAGE:471b27b6345e590747cc3cb65f1393bd2331d339,,,1
IMAGE:01ac74462f546ec7f0bec6dea56aad42c3d8b97e,,,1
IMAGE:ca47784ec34f0fdd67bd922530ae79c4ee1d0d54,,,1
IMAGE:23e02438fbd924435b09a32f81d3ea8d3a26445b,,,1
IMAGE:92f153db2f022fbce1bc82ddbb3348af10bbe5b2,,,1
IMAGE:d284d3884b8d5b2b7a153caaec8d55c7e0d84e67,,,1
IMAGE:7b8b2a4c17543480fba7ef13ca6a4b0c9bb39b60,,,1
IMAGE:62074cf506b2ed2c67834a10865c5401f5fd0025,,,1
IMAGE:f25d935929790acfbf2c81c79a299e9896ea9c10,,,1
IMAGE:f40e93152f9af994edaf675e0f6e01024f964b5c,,,1
IMAGE:5d012a55d0e7061bf8a9d95cae6efd5db628dbdc,,,1
IMAGE:1f82f04e937818ddad69f09eff6fc8e85004ab7a,,,1
#000855~0.95,,,1
,"DROP_SHADOW r148.35 o0.0,0.0 #FFFFFF@0.3",,1
,"DROP_SHADOW r179.58 o0.0,0.0 #FFFFFF@0.3",,1
,"DROP_SHADOW r39.04 o0.0,0.0 #FF5D18",,1
,"DROP_SHADOW r101.5 o0.0,0.0 #FFFFFF@0.8",,1
#000855,,,1
,"DROP_SHADOW r95.73 o0.0,0.0 #FFFFFF@0.3",,1
,"DROP_SHADOW r115.88 o0.0,0.0 #FFFFFF@0.3",,1
,"DROP_SHADOW r25.19 o0.0,0.0 #FF5D18",,1
,"DROP_SHADOW r65.5 o0.0,0.0 #FFFFFF@0.8",,1
#FFFFFF,,Manrope 800 68.0,1
#FFFFFF,"DROP_SHADOW r12.0 o0.0,0.0 #5ED5FE | DROP_SHADOW r20.0 o0.0,0.0 #5ED5FE | DROP_SHADOW r32.0 o0.0,0.0 #5ED5FE | DROP_SHADOW r56.0 o0.0,0.0 #5ED5FE",Bai Jamjuree 600 48.0,1
#FFFFFF,"DROP_SHADOW r12.0 o0.0,0.0 #5ED5FE | DROP_SHADOW r20.0 o0.0,0.0 #5ED5FE",Bai Jamjuree 600 48.0,1
#FFFFFF,"DROP_SHADOW r12.0 o0.0,0.0 #5ED5FE",Bai Jamjuree 600 40.0,1
#FFFFFF,"DROP_SHADOW r12.0 o0.0,0.0 #5ED5FE | DROP_SHADOW r20.0 o0.0,0.0 #5ED5FE | DROP_SHADOW r32.0 o0.0,0.0 #5ED5FE | DROP_SHADOW r56.0 o0.0,0.0 #5ED5FE",Bai Jamjuree 600 40.0,1
#FFFFFF,"DROP_SHADOW r12.0 o0.0,0.0 #5ED5FE | DROP_SHADOW r20.0 o0.0,0.0 #5ED5FE",Bai Jamjuree 600 40.0,1
#FFFFFF,"DROP_SHADOW r12.0 o0.0,0.0 #5ED5FE | DROP_SHADOW r20.0 o0.0,0.0 #5ED5FE | DROP_SHADOW r32.0 o0.0,0.0 #5ED5FE | DROP_SHADOW r56.0 o0.0,0.0 #5ED5FE",Bai Jamjuree 600 32.0,1
#FFFFFF,"DROP_SHADOW r12.0 o0.0,0.0 #5ED5FE | DROP_SHADOW r20.0 o0.0,0.0 #5ED5FE",Bai Jamjuree 600 32.0,1
#1C1C1C,,,1
GRADIENT_LINEAR(#962AFF>#9F3EFF>#B572FF>#C493FF>#C99FFF)~0.9,"BACKGROUND_BLUR r15.0 | INNER_SHADOW r1.0 o-0.5,-1.0 #FFFFFF@0.3 | INNER_SHADOW r1.0 o0.2,0.5 #FFFFFF@0.5",,1
#5535D5~0.9,"BACKGROUND_BLUR r15.0 | INNER_SHADOW r1.0 o-0.5,-1.0 #FFFFFF@0.3 | INNER_SHADOW r1.0 o0.2,0.5 #FFFFFF@0.5",,1
#9E3BFF~0.9,"BACKGROUND_BLUR r15.0 | INNER_SHADOW r1.0 o-0.5,-1.0 #FFFFFF@0.3 | INNER_SHADOW r1.0 o0.2,0.5 #FFFFFF@0.5",,1
GRADIENT_LINEAR(#FFFFFF@0.4>#5CBDF7@0.4),"GLASS | INNER_SHADOW r1.0 o0.5,1.0 #FFFFFF@0.4",,1
#9930FF~0.9,"BACKGROUND_BLUR r15.0 | INNER_SHADOW r1.0 o-0.5,-1.0 #FFFFFF@0.3 | INNER_SHADOW r1.0 o0.2,0.5 #FFFFFF@0.5",,1
GRADIENT_LINEAR(#FFFFFF@0.4>#5CBDF7@0.4),,,1
GRADIENT_LINEAR(#01FFF7@0.2>#01FFF7@0.4),"GLASS | INNER_SHADOW r1.0 o0.5,1.0 #FFFFFF@0.4",,1
GRADIENT_LINEAR(#962AFF>#9931FF>#AA58FF>#B877FF>#C18DFF>#C79AFF>#C99FFF)~0.9,"BACKGROUND_BLUR r15.0 | INNER_SHADOW r1.0 o-0.5,-1.0 #FFFFFF@0.3 | INNER_SHADOW r1.0 o0.2,0.5 #FFFFFF@0.5",,1
#BB7FFF~0.9,"BACKGROUND_BLUR r15.0 | INNER_SHADOW r1.0 o-0.5,-1.0 #FFFFFF@0.3 | INNER_SHADOW r1.0 o0.2,0.5 #FFFFFF@0.5",,1
GRADIENT_LINEAR(#009A76>#00F56E>#00FB6D)~0.9,"BACKGROUND_BLUR r15.0 | INNER_SHADOW r1.0 o-0.5,-1.0 #FFFFFF@0.3 | INNER_SHADOW r1.0 o0.2,0.5 #FFFFFF@0.5",,1
GRADIENT_LINEAR(#C8F1FC@0.4>#FFFFFF@0.0),,,1
#BC8DFF~0.9,"BACKGROUND_BLUR r15.0 | INNER_SHADOW r1.0 o-0.5,-1.0 #FFFFFF@0.3 | INNER_SHADOW r1.0 o0.2,0.5 #FFFFFF@0.5",,1
#FF19C4~0.9,"BACKGROUND_BLUR r15.0 | INNER_SHADOW r1.0 o-0.5,-1.0 #FFFFFF@0.3 | INNER_SHADOW r1.0 o0.2,0.5 #FFFFFF@0.5",,1
GRADIENT_LINEAR(#FCE724>#FCE323>#FCD820>#FDC61B>#FDAB14>#FE8A0B>#FE7D08)~0.9,"BACKGROUND_BLUR r15.0 | INNER_SHADOW r1.0 o-0.5,-1.0 #FFFFFF@0.3 | INNER_SHADOW r1.0 o0.2,0.5 #FFFFFF@0.5",,1
#FDBE19~0.9,"BACKGROUND_BLUR r15.0 | INNER_SHADOW r1.0 o-0.5,-1.0 #FFFFFF@0.3 | INNER_SHADOW r1.0 o0.2,0.5 #FFFFFF@0.5",,1
#06B264~0.9,"BACKGROUND_BLUR r15.0 | INNER_SHADOW r1.0 o-0.5,-1.0 #FFFFFF@0.3 | INNER_SHADOW r1.0 o0.2,0.5 #FFFFFF@0.5",,1
GRADIENT_LINEAR(#00BC73>#36D058)~0.9,"BACKGROUND_BLUR r15.0 | INNER_SHADOW r1.0 o-0.5,-1.0 #FFFFFF@0.3 | INNER_SHADOW r1.0 o0.2,0.5 #FFFFFF@0.5",,1
GRADIENT_LINEAR(#97F8FF>#84F7FF>#26A1FD>#0090FC)~0.9,"BACKGROUND_BLUR r15.0 | INNER_SHADOW r1.0 o-0.5,-1.0 #FFFFFF@0.3 | INNER_SHADOW r1.0 o0.2,0.5 #FFFFFF@0.5",,1
GRADIENT_LINEAR(#DCA6FF>#DCA6FF),,,1
GRADIENT_LINEAR(#4ECCFE>#007FCC),,,1
#11C26B~0.9,"BACKGROUND_BLUR r15.0 | INNER_SHADOW r1.0 o-0.5,-1.0 #FFFFFF@0.3 | INNER_SHADOW r1.0 o0.2,0.5 #FFFFFF@0.5",,1
GRADIENT_LINEAR(#318C58@0.8>#35AF69@0.0),,,1
GRADIENT_LINEAR(#06E2FF@0.5>#01FFF7@0.3),"GLASS | INNER_SHADOW r1.0 o0.5,1.0 #FFFFFF@0.4",,1
GRADIENT_LINEAR(#00BC73>#5BDD46>#78E837)~0.9,"GLASS | INNER_SHADOW r1.0 o0.5,1.0 #FFFFFF@0.4",,1
#67CADD~0.9,"GLASS | INNER_SHADOW r1.0 o0.5,1.0 #FFFFFF@0.4",,1
GRADIENT_LINEAR(#FE7D08>#FDA513>#FDC91C>#FCDF22>#FCE724)~0.9,"GLASS | INNER_SHADOW r1.0 o0.5,1.0 #FFFFFF@0.4",,1
GRADIENT_LINEAR(#FCE724>#FCD820>#FDB116>#FF7205>#FF6201)~0.9,"GLASS | INNER_SHADOW r1.0 o0.5,1.0 #FFFFFF@0.4",,1
#FE8209~0.9,"GLASS | INNER_SHADOW r1.0 o0.5,1.0 #FFFFFF@0.4",,1
GRADIENT_LINEAR(#009CFC>#059FFC>#14A8FC>#2CB7FD>#4ECCFE>#7AE6FE>#97F8FF)~0.9,"GLASS | INNER_SHADOW r1.0 o0.5,1.0 #FFFFFF@0.4",,1
GRADIENT_LINEAR(#FCDB1F>#FE9012)~0.9,"GLASS | INNER_SHADOW r1.0 o0.5,1.0 #FFFFFF@0.4",,1
GRADIENT_LINEAR(#FFD4D4>#FF7B7B)~0.302,"GLASS | INNER_SHADOW r1.0 o0.5,1.0 #FFFFFF@0.4",,1
#FFD498~0.463,"GLASS | INNER_SHADOW r1.0 o0.5,1.0 #FFFFFF@0.4",,1
GRADIENT_LINEAR(#4C4C4C>#666666),,,1
GRADIENT_LINEAR(#FFD8BB@0.4>#F4805D@0.4),"GLASS | INNER_SHADOW r1.0 o0.5,1.0 #FFFFFF@0.4",,1
GRADIENT_LINEAR(#78E837>#5BDD46>#00BC73)~0.9,"GLASS | INNER_SHADOW r1.0 o0.5,1.0 #FFFFFF@0.4",,1
GRADIENT_LINEAR(#86E8FF>#00A1FC)~0.9,"GLASS | INNER_SHADOW r1.0 o0.5,1.0 #FFFFFF@0.4",,1
#801CF4~0.9,"GLASS | INNER_SHADOW r1.0 o0.5,1.0 #FFFFFF@0.4",,1
#B777FF~0.9,"GLASS | INNER_SHADOW r1.0 o0.5,1.0 #FFFFFF@0.4",,1
GRADIENT_LINEAR(#C99FFF>#BE85FF>#962AFF)~0.9,"GLASS | INNER_SHADOW r1.0 o0.5,1.0 #FFFFFF@0.4",,1
GRADIENT_LINEAR(#97F8FF>#8EF3FF>#76E4FE>#4ECCFE>#18ABFC>#009CFC)~0.9,"GLASS | INNER_SHADOW r1.0 o0.5,1.0 #FFFFFF@0.4",,1
GRADIENT_LINEAR(#F4E9FF@0.5>#DAA6FF@0.6),"GLASS | INNER_SHADOW r1.0 o0.5,1.0 #FFFFFF@0.4",,1
GRADIENT_LINEAR(#DAA6FF@0.6>#DCA6FF@0.4),"BACKGROUND_BLUR r15.0 | INNER_SHADOW r1.0 o-0.5,-1.0 #FFFFFF@0.3 | INNER_SHADOW r1.0 o0.2,0.5 #FFFFFF@0.5",,1
#FFFFFF~0.502,"GLASS | INNER_SHADOW r1.0 o0.5,1.0 #FFFFFF@0.4",,1
GRADIENT_LINEAR(#97F8FF>#08A1FC>#009CFC)~0.9,"BACKGROUND_BLUR r15.0 | INNER_SHADOW r1.0 o-0.5,-1.0 #FFFFFF@0.3 | INNER_SHADOW r1.0 o0.2,0.5 #FFFFFF@0.5",,1
#38C671,"GLASS | INNER_SHADOW r1.0 o0.5,1.0 #FFFFFF@0.4",,1
#AD5EFF,"GLASS | INNER_SHADOW r1.0 o0.5,1.0 #FFFFFF@0.4",,1
GRADIENT_LINEAR(#EACCFF@0.6>#EBCCFF@0.4),"GLASS | INNER_SHADOW r1.0 o0.5,1.0 #FFFFFF@0.4",,1
GRADIENT_LINEAR(#009CFC>#0FA5FC>#18ABFC),"GLASS | INNER_SHADOW r1.0 o0.5,1.0 #FFFFFF@0.4",,1
#009CFC,"GLASS | INNER_SHADOW r1.0 o0.5,1.0 #FFFFFF@0.4",,1
#04AA5F~0.9,"BACKGROUND_BLUR r15.0 | INNER_SHADOW r1.0 o-0.5,-1.0 #FFFFFF@0.3 | INNER_SHADOW r1.0 o0.2,0.5 #FFFFFF@0.5",,1
GRADIENT_LINEAR(#FF01BB>#FF81EC>#FFA4F9)~0.9,"BACKGROUND_BLUR r15.0 | INNER_SHADOW r1.0 o-0.5,-1.0 #FFFFFF@0.3 | INNER_SHADOW r1.0 o0.2,0.5 #FFFFFF@0.5",,1
GRADIENT_LINEAR(#008AFC>#1895FC>#4EDCFE>#76E4FE>#8EE9FF>#97F8FF)~0.9,"BACKGROUND_BLUR r15.0 | INNER_SHADOW r1.0 o-0.5,-1.0 #FFFFFF@0.3 | INNER_SHADOW r1.0 o0.2,0.5 #FFFFFF@0.5",,1
GRADIENT_LINEAR(#97F8FF>#6ADCFE>#3CC1FD>#1BADFD>#07A0FC>#009CFC)~0.9,"BACKGROUND_BLUR r15.0 | INNER_SHADOW r1.0 o-0.5,-1.0 #FFFFFF@0.3 | INNER_SHADOW r1.0 o0.2,0.5 #FFFFFF@0.5",,1
#FE9D11~0.9,"BACKGROUND_BLUR r15.0 | INNER_SHADOW r1.0 o-0.5,-1.0 #FFFFFF@0.3 | INNER_SHADOW r1.0 o0.2,0.5 #FFFFFF@0.5",,1
#FDA813~0.9,"BACKGROUND_BLUR r15.0 | INNER_SHADOW r1.0 o-0.5,-1.0 #FFFFFF@0.3 | INNER_SHADOW r1.0 o0.2,0.5 #FFFFFF@0.5",,1
#FCD820~0.9,"BACKGROUND_BLUR r15.0 | INNER_SHADOW r1.0 o-0.5,-1.0 #FFFFFF@0.3 | INNER_SHADOW r1.0 o0.2,0.5 #FFFFFF@0.5",,1
GRADIENT_LINEAR(#97F8FF>#84EDFF>#26B3FD>#009CFC)~0.9,"BACKGROUND_BLUR r15.0 | INNER_SHADOW r1.0 o-0.5,-1.0 #FFFFFF@0.3 | INNER_SHADOW r1.0 o0.2,0.5 #FFFFFF@0.5",,1
#3099EF~0.9,"BACKGROUND_BLUR r15.0 | INNER_SHADOW r1.0 o-0.5,-1.0 #FFFFFF@0.3 | INNER_SHADOW r1.0 o0.2,0.5 #FFFFFF@0.5",,1
#FE920E~0.9,"BACKGROUND_BLUR r15.0 | INNER_SHADOW r1.0 o-0.5,-1.0 #FFFFFF@0.3 | INNER_SHADOW r1.0 o0.2,0.5 #FFFFFF@0.5",,1
GRADIENT_LINEAR(#FFCFAE@0.2>#F4805D@0.4),"GLASS | INNER_SHADOW r1.0 o0.5,1.0 #FFFFFF@0.4",,1
#FE8E0D,"GLASS | INNER_SHADOW r1.0 o0.5,1.0 #FFFFFF@0.4",,1
#9043FF~0.9,"BACKGROUND_BLUR r15.0 | INNER_SHADOW r1.0 o-0.5,-1.0 #FFFFFF@0.3 | INNER_SHADOW r1.0 o0.2,0.5 #FFFFFF@0.5",,1
GRADIENT_LINEAR(#B8FFFA@0.3>#01FFF7@0.4),"GLASS | INNER_SHADOW r1.0 o0.5,1.0 #FFFFFF@0.4",,1
GRADIENT_LINEAR(#CE9FFF>#C185FF>#932AFF)~0.9,"BACKGROUND_BLUR r15.0 | INNER_SHADOW r1.0 o-0.5,-1.0 #FFFFFF@0.3 | INNER_SHADOW r1.0 o0.2,0.5 #FFFFFF@0.5",,1
GRADIENT_LINEAR(#FFFFFF@0.0>#FFFFFF@0.6),,,1
GRADIENT_LINEAR(#FF00C8>#FF9AF7)~0.9,"BACKGROUND_BLUR r15.0 | INNER_SHADOW r1.0 o-0.5,-1.0 #FFFFFF@0.3 | INNER_SHADOW r1.0 o0.2,0.5 #FFFFFF@0.5",,1
GRADIENT_LINEAR(#FFE15C>#FFBC03)~0.4,"GLASS | INNER_SHADOW r1.0 o0.5,1.0 #FFFFFF@0.4",,1
GRADIENT_LINEAR(#FFFFFF>#000000),,,1
GRADIENT_LINEAR(#FFEBB0>#FFC522),,,1
#E1C26C~0.9,"BACKGROUND_BLUR r15.0 | INNER_SHADOW r1.0 o-0.5,-1.0 #FFFFFF@0.3 | INNER_SHADOW r1.0 o0.2,0.5 #FFFFFF@0.5",,1
#EF7E0C~0.9,"BACKGROUND_BLUR r15.0 | INNER_SHADOW r1.0 o-0.5,-1.0 #FFFFFF@0.3 | INNER_SHADOW r1.0 o0.2,0.5 #FFFFFF@0.5",,1
GRADIENT_LINEAR(#F4805D@0.3>#FFD8BB@0.4),"GLASS | INNER_SHADOW r1.0 o0.5,1.0 #FFFFFF@0.4",,1
GRADIENT_LINEAR(#FFFFFF@0.4>#FFFFFF@0.2),,,1
GRADIENT_LINEAR(#FFFFFF@0.5>#FFFFFF)~0.8,,,1
GRADIENT_LINEAR(#FFFFFF>#FFFFFF@0.0),"LAYER_BLUR r0.72 | DROP_SHADOW r0.12 o0.0,0.2 #000000@0.1",,1
,LAYER_BLUR r0.5,,1
GRADIENT_LINEAR(#FFFFFF@0.6>#FFFFFF@0.8)~0.8,,,1
GRADIENT_LINEAR(#FFFFFF>#FFFFFF@0.0),"LAYER_BLUR r0.43 | DROP_SHADOW r0.12 o0.0,0.2 #000000@0.1",,1
GRADIENT_LINEAR(#FFFFFF@0.8>#FFFFFF@0.2),"INNER_SHADOW r1.17 o0.0,-0.7 #FFFFFF@0.51",,1
GRADIENT_LINEAR(#FFFFFF@0.8>#FFFFFF@0.0),,,1
GRADIENT_LINEAR(#FFFFFF@0.0>#FFFFFF),"LAYER_BLUR r0.23 | DROP_SHADOW r0.12 o0.0,0.2 #000000@0.1",,1
GRADIENT_LINEAR(#FFFFFF@0.8>#FFFFFF@0.5)~0.8,"INNER_SHADOW r1.86 o0.0,-0.8 #FFFFFF@0.75",,1
GRADIENT_LINEAR(#FFFFFF>#FFFFFF@0.0)~0.6,LAYER_BLUR r0.23,,1
GRADIENT_LINEAR(#B7B7B7>#F5F5F3),,,1
GRADIENT_RADIAL(#FFFFFF>#A3A3A3@0.5),"DROP_SHADOW r1.28 o0.0,0.0 #000000@0.16 | INNER_SHADOW r3.96 o0.0,0.0 #000000@0.15",,1
GRADIENT_LINEAR(#B4B4B4>#F5F5F3),,,1
#5D5151~0.93,LAYER_BLUR r8.94,,1
GRADIENT_RADIAL(#D9D8D4>#909090),,,1
#F6F6F4~0.2,"INNER_SHADOW r2.73 o0.3,-2.3 #FFFFFF@0.38",,1
#F6F6F4~0.2,,,1
#FFFFFF,LAYER_BLUR r0.21,,1
GRADIENT_LINEAR(#8A8A7E>#615F4C),"INNER_SHADOW r0.46 o0.0,0.0 #000000@0.64",,1
#FDFDFD~0.72,LAYER_BLUR r0.28,,1
GRADIENT_LINEAR(#EDEDED@0.88>#FFFFFF@0.5)~0.81,"BACKGROUND_BLUR r2.79 | INNER_SHADOW r0.35 o0.0,0.5 s0.93 #FFFFFF@0.15",,1
GRADIENT_LINEAR(#EDEDED@0.88>#FFFFFF@0.5)~0.6,"BACKGROUND_BLUR r1.86 | INNER_SHADOW r0.35 o0.0,0.5 s0.93 #FFFFFF@0.15 | DROP_SHADOW r5.11 o0.0,0.5 #000000@0.21",,1
GRADIENT_RADIAL(#FFFFFF>#FFFFFF@0.26),"INNER_SHADOW r1.86 o0.0,-0.8 #FFFFFF@0.15 | DROP_SHADOW r1.86 o0.0,0.2 #000000@0.11",,1
GRADIENT_LINEAR(#FFFFFF>#F3F3F3@0.4),"BACKGROUND_BLUR r0.93 | DROP_SHADOW r1.63 o0.0,-0.2 #000000@0.14",,1
#FFFFFF,LAYER_BLUR r0.35,,1
GRADIENT_LINEAR(#F3F3F3>#FFFFFF@0.3),,,1
GRADIENT_LINEAR(#EFEFEF@0.8>#F0F0F0@0.5)~0.8,"INNER_SHADOW r2.32 o0.0,-0.5 #FFFFFF | INNER_SHADOW r0.46 o0.7,0.0 #FFFFFF@0.7",,1
GRADIENT_LINEAR(#FFFFFF>#FFFFFF@0.2),BACKGROUND_BLUR r1.39,,1
GRADIENT_LINEAR(#FFFFFF>#EBEBEB@0.6),"DROP_SHADOW r1.63 o0.0,0.1 #000000@0.14 | INNER_SHADOW r0.93 o0.0,-0.5 #000000@0.28",,1
GRADIENT_LINEAR(#B5B5B5@0.0>#B0B0B0),"INNER_SHADOW r14.39 o0.0,12.3 #000000@0.13",,1
#FFFFFF~0.3,LAYER_BLUR r0.46,,1
GRADIENT_LINEAR(#B5B5B5@0.0>#D9D9D9),"INNER_SHADOW r14.39 o0.0,12.3 #000000@0.35",,1
#FFFFFF,LAYER_BLUR r1.86,,1
GRADIENT_LINEAR(#FFFFFF>#FFFFFF@0.3),"INNER_SHADOW r0.81 o0.0,-0.6 s0.23 #FFFFFF@0.67 | BACKGROUND_BLUR r2.32",,1
GRADIENT_LINEAR(#FFFFFF>#FFFFFF@0.55>#FFFFFF@0.1),"INNER_SHADOW r0.81 o0.0,-0.6 s0.23 #FFFFFF@0.67 | BACKGROUND_BLUR r6.96",,1
GRADIENT_LINEAR(#FFFFFF>#E5E5E5@0.3),"INNER_SHADOW r0.81 o0.0,-0.6 s0.23 #FFFFFF@0.67",,1
#999999~0.3 | #333333~0.45 | #0F0F0F,"INNER_SHADOW r26.6 o0.0,0.0 #F2F2F2 | INNER_SHADOW r4.99 o0.0,0.0 #FFFFFF@0.5 | INNER_SHADOW r0.83 o-1.7,-1.7 s-1.66 #FFFFFF | INNER_SHADOW r0.83 o1.7,1.7 s-1.66 #FFFFFF | INNER_SHADOW r0.0 o-1.7,-1.7 s-0.83 #262626 | INNER_SHADOW r0.0 o1.7,1.7 s-0.83 #333333",,1
#FFFFFF~0.08,BACKGROUND_BLUR r3.14 | TEXTURE r2.62,,1
#FFFFFF,,SF Pro 700 23.27151870727539,1
#FFFFFF~0.5 | #34C759,,,1
#FFFFFF,,Inter 700 112.0,1
IMAGE:d8e6707441ca8234c8eae97ef9b6c639b2a6caff,,,1
IMAGE:e741d5c15e0de1e191c4cc17ef1a035c88b2cd36,,,1
IMAGE:3a8f85cba1f91538cb90cde59859fc15577bbf67,,,1
IMAGE:a05bdddd0fc68130fe4afdad921cdd5704e1ca26,,,1
