id,name,style_type,description
2404:2572,Brand Color/Brand Color-1,FILL,
2404:2573,Brand Color/Brand Color-2,FILL,
2445:2624,B & W/White/40%,FILL,
8:25,Desktop Text/H1,TEXT,
8:26,Desktop Text/H2,TEXT,
8:27,Desktop Text/H3,TEXT,
8:28,Desktop Text/H4,TEXT,
8:29,Desktop Text/H5,TEXT,
8:37,Desktop Text/S2. Subtitle,TEXT,
8:38,Desktop Text/B3. Body,TEXT,
8:41,Desktop Text/B1. Body,TEXT,
8:45,Desktop Text/S1. Subtitle,TEXT,
8:117,Desktop Text/C1. Caption,TEXT,
8:121,Desktop Text/C2. Caption,TEXT,
8:132,Desktop Text/LABEL,TEXT,
23:1024,Button Font/Giant,TEXT,
25:2445,Black/100%,FILL,
25:2446,Black/90%,FILL,
25:2447,Black/80%,FILL,
25:2448,Black/70%,FILL,
25:2449,Black/60%,FILL,
25:2450,Black/50%,FILL,
25:2451,Black/40%,FILL,
25:2452,Black/30%,FILL,
25:2453,Black/20%,FILL,
25:2454,Black/10%,FILL,
25:2455,White/100%,FILL,
25:2456,White/90%,FILL,
25:2457,White/80%,FILL,
25:2458,White/70%,FILL,
25:2459,White/60%,FILL,
25:2460,White/50%,FILL,
25:2461,White/40%,FILL,
25:2462,White/30%,FILL,
25:2463,White/20%,FILL,
25:2464,White/10%,FILL,
26:2479,Grey/900,FILL,
26:2480,Grey/800,FILL,
26:2481,Grey/700,FILL,
26:2482,Grey/600,FILL,
26:2483,Grey/500,FILL,
26:2484,Grey/400,FILL,
26:2485,Grey/300,FILL,
26:2486,Grey/200,FILL,
26:2487,Grey/100,FILL,
26:2488,Grey/50,FILL,
27:2631,Desktop Text/B2. Body,TEXT,
27:2638,Desktop Text/B4. Body,TEXT,
33:126,Button Font/Large,TEXT,
33:133,Button Font/Medium,TEXT,
33:146,Button Font/Small,TEXT,
33:147,Button Font/Super Tiny,TEXT,
116:1516,Desktop Text/C3. Caption,TEXT,
118:1906,Glass Effect/100,EFFECT,
118:1907,Drop Shadow Effect/200,EFFECT,
118:1908,Drop Shadow Effect/300,EFFECT,
118:1909,Drop Shadow Effect/400,EFFECT,
118:1910,Drop Shadow Effect/500,EFFECT,
118:1911,Drop Shadow Effect/600,EFFECT,
118:1912,Drop Shadow Effect/700,EFFECT,
118:1913,Drop Shadow Effect/800,EFFECT,
2433:2667,Mobile 4,GRID,
2436:2578,Tablet,GRID,
2436:2579,Desk,GRID,
2436:2624,Desk FHD,GRID,
2445:2297,Grad/Blue grad 1,FILL,
2445:2300,Grad/Blue L Grad 1,FILL,
2496:2363,Drop Shadow Effect/Ds 1,EFFECT,
2497:8091,Grad/Glass W 1,FILL,
2497:8092,Grad/Glass W 2,FILL,
2531:6520,Desktop Text/S3. Subtitle,TEXT,
2531:6630,Grad/Glass W 3,FILL,
2531:7814,Grad/Blue Grad 1,FILL,
2531:7853,Blur/Layer Blur 1,EFFECT,
2531:9197,Mobile 2,GRID,
2531:9198,Mobile 6,GRID,
2633:5687,Drop Shadow Effect/DS Outer,EFFECT,
2633:5971,Drop Shadow Effect/Ds 2,EFFECT,
2669:10930,Grad/Grey Grad,FILL,
2675:4596,Button Font/Tiny,TEXT,
2675:4824,Blur/Back Blur,EFFECT,
2675:6203,Grad/Blue Grad2,FILL,
2844:5989,Mobile Text/H1 MB,TEXT,
2844:5990,Mobile Text/H5 MB,TEXT,
2844:5991,Mobile Text/H4 MB,TEXT,
2844:5992,Mobile Text/H3 MB,TEXT,
2844:5993,Mobile Text/H2 MB,TEXT,
2844:5994,Mobile Text/S1 MB,TEXT,
2844:5995,Mobile Text/S2 MB,TEXT,
2844:5996,Mobile Text/S3 MB,TEXT,
2865:16279,Drop Shadow Effect/DS 3,EFFECT,
2985:8393,Grad/Blue L Grad 2,FILL,
2995:9993,Mobile Text/B1 MB. Body,TEXT,
2995:9994,Mobile Text/B2 MB. Body,TEXT,
2995:9995,Mobile Text/B3 MB. Body,TEXT,
2995:9996,Mobile Text/B4 MB. Body,TEXT,
2995:9997,Mobile Text/C1 MB. Caption,TEXT,
2995:9998,Mobile Text/C2 MB. Caption,TEXT,
2995:9999,Mobile Text/C3 MB. Caption,TEXT,
2995:10000,Mobile Text/C4 MB. Caption,TEXT,
2995:10016,Desktop Text/C4. Caption,TEXT,
2995:10017,Mobile Text/LABEL MB,TEXT,
2995:10025,Button Font/Medium R,TEXT,
2443:3045,Primary/800,FILL,
2404:2576,Grays/White,FILL,
2445:2362,Body/B1. Body,TEXT,
2448:3750,Gradient/M Blue Grad/M Blue_Grad 2,FILL,
2443:3025,Button Font/Medium,TEXT,
2448:3748,Drop Shadow/300,EFFECT,
2443:3024,Button Font/Large,TEXT,
2404:2578,Grays/Black,FILL,
2443:3004,Head T/H6/H6 400,TEXT,
2443:3005,Head T/H5/H5 600,TEXT,
2443:3007,Body/B5/B5 500,TEXT,
2443:3585,Head T/H10/H10 400,TEXT,
2443:3586,Head T/H6/H6 500,TEXT,
2443:3587,Body/B7/B7 500,TEXT,
2443:3590,Head T/H6/H6 600,TEXT,
2443:3581,Gradient/L Blue Grad/L Blue_Grad 2,FILL,
2443:3591,Grey/Grey Dark Color/text-color,FILL,
2443:3592,Body/B3/B3 600,TEXT,
2443:3593,Body/B8/B8 400,TEXT,
2443:3028,Button Font/Small,TEXT,
2443:3037,Primary/50,FILL,
2443:3596,Body/B5/B5 600,TEXT,
2443:3597,Body/B9/B9 400,TEXT,
2443:3029,Button Font/Tiny,TEXT,
2445:2348,Gradient/Brand_Grad/D Back_Brand,FILL,
2531:6671,Gradient/L Blue Grad/L Blue_Grad 3,FILL,
2531:7040,DROP SHADOW,EFFECT,
2531:7440,white,FILL,
2531:7444,black,FILL,
2531:7445,text,FILL,
2531:7441,link,FILL,
2531:7442,active,FILL,
2531:7453,Заголовок,FILL,
2531:7452,1248+,GRID,
2445:2623,Head T/H1/H1 600,TEXT,
2448:3000,Outer Glow/Oter Glow 2,EFFECT,
2448:3001,Outer Glow/Outer Glow 1,EFFECT,
2497:6870,Glass secondary,EFFECT,123
2497:6871,Glass primary,EFFECT,123
2497:6869,Shadow,EFFECT,
2497:7915,Semibold / 16,TEXT,
2744:2126,light/_bg/bg-brand,FILL,--color-bg-brand
2744:2128,light/_text/text-brand,FILL,--color-text-brand
2744:2127,dark/blue/100,FILL,--color-blue-100
