variable_id,full_id,role,write_count,distinct_formulas,formula_sample,bind_count,bound_properties,bound_node_sample
10644:50,VariableID:b34b48c47153a81b015ed6a6a0775e7749f71956/10644:50,BIND_ONLY,0,0,,37,"fills.0(29), strokes.0(8)","2443:3817@Card/Card _ Glass/State=Default, Color=White, Size=Big/Text/ ;; 2443:3828@Card/Card _ Glass/State=Hover, Color=White, Size=Big/Text/Fr ;; 2443:3839@Card/Card _ Glass/State=Default, Color=Blue, Size=Big/Text/F"
10644:51,VariableID:e2b11984355f4be57c6bbb17b5cf9a129bc2b5a5/10644:51,BIND_ONLY,0,0,,9,fills.0(9),"I2675:6163;2448:4151@Contact/Contact_Succes/Notification Card/Frame 2087326514/Ch ;; 2448:4151@Contact/Popup/Notification Card/Size=Big, State=Success/Fram ;; 3190:6051@Contact/Popup/Notification Card/Size=Big, State=Eror/Frame 2"
10722:119,VariableID:c5ca5566a22d7b992b7c841713da54258fd98602/10722:119,BIND_ONLY,0,0,,14,fills.0(14),"2531:7599@USP/Components/services/type=6, state=normal/icon & bg/fill ;; 2531:7606@USP/Components/services/type=6, state=hover/icon & bg/fill ;; 2531:7613@USP/Components/services/type=6, state=link/icon & bg/fill"
10722:214,VariableID:83ed8130e89d4ea117989b3b7f5348324cd9d4ce/10722:214,BIND_ONLY,0,0,,8,fills.0(8),"I2443:3817;36:696@Card/Card _ Glass/State=Default, Color=White, Size=Big/Text/ ;; I2443:3828;36:696@Card/Card _ Glass/State=Hover, Color=White, Size=Big/Text/Fr ;; I2443:3839;36:696@Card/Card _ Glass/State=Default, Color=Blue, Size=Big/Text/F"
10722:215,VariableID:67422feb911f8ef8a3c19745b123de91ff051e8f/10722:215,BIND_ONLY,0,0,,24,strokes.0(24),"2443:3817@Card/Card _ Glass/State=Default, Color=White, Size=Big/Text/ ;; I2443:3817;36:694;34:818@Card/Card _ Glass/State=Default, Color=White, Size=Big/Text/ ;; I2443:3817;36:697;34:831@Card/Card _ Glass/State=Default, Color=White, Size=Big/Text/"
10722:322,VariableID:91e5df7f5c42d8d19f2859695f1a9efaa07cb43f/10722:322,BIND_ONLY,0,0,,6,fills.0(6),"2531:7543@USP/Components/services/type=4, state=normal/icon & bg/fill ;; 2531:7550@USP/Components/services/type=4, state=hover/icon & bg/fill ;; 2531:7557@USP/Components/services/type=4, state=link/icon & bg/fill"
10722:405,VariableID:0b0970b2adc3b399ab0cf31a214d077d2ba5d47c/10722:405,BIND_ONLY,0,0,,6,fills.0(6),"2531:7515@USP/Components/services/type=3, state=normal/icon & bg/fill ;; 2531:7522@USP/Components/services/type=3, state=hover/icon & bg/fill ;; 2531:7529@USP/Components/services/type=3, state=link/icon & bg/fill"
10722:569,VariableID:d49f56a4eee21b2559639469da972f206d471fac/10722:569,BIND_ONLY,0,0,,6,fills.0(6),"2531:7571@USP/Components/services/type=5, state=normal/icon & bg/fill ;; 2531:7578@USP/Components/services/type=5, state=hover/icon & bg/fill ;; 2531:7585@USP/Components/services/type=5, state=link/icon & bg/fill"
10722:80,VariableID:e8dc82b41db038aed4d2df4688244e086ad57fe9/10722:80,BIND_ONLY,0,0,,10,fills.0(10),2753:5414@Contact/Contact/Section 1/Frame 2147224779/Contact/Immediate ;; 2448:7791@Contact/Contact/Section 1/Frame 2147224779/Contact/Immediate ;; 2985:8001@Contact/Contact/Immediate Contact
10977:12,VariableID:c5bf4d68f50a90f6d6b2f0cae19f604c7f797ffa/10977:12,BIND_ONLY,0,0,,101,"itemSpacing(39), paddingLeft(14), paddingRight(14), counterAxisSpacing(12), paddingTop(9), paddingBottom(9)",2753:5424@Contact/Contact/Footer Desk ;; I2531:10175;2531:9819@Contact/Contact/Footer Desk/Frame 5 ;; I2675:6010;2531:9819@Contact/Contact_Succes/Footer Desk/Frame 5
10977:15,VariableID:cdabe1b6435973cb1bc53035cc2b722f4e04257e/10977:15,BIND_ONLY,0,0,,73,"paddingTop(32), itemSpacing(20), paddingBottom(9), paddingLeft(4), paddingRight(4), rectangleCornerRadii.RECTANGLE_TOP_LEFT_CORNER_RADIUS(1)",2753:5424@Contact/Contact/Footer Desk ;; 2448:7790@Contact/Contact/Section 1/Frame 2147224779/Contact ;; 2448:7790@Contact/Contact/Section 1/Frame 2147224779/Contact
10977:19,VariableID:4d7acd14f9813cc530a1af767404c8bab6f16262/10977:19,BIND_ONLY,0,0,,23,"paddingBottom(21), paddingTop(2)",2753:5424@Contact/Contact/Footer Desk ;; 2849:4356@Contact/Contact/Footer Desk ;; 2821:7308@SKU - Mobile/Mb_SKU - Mobile/Footer Desk
10977:2,VariableID:1bdeda55eb7dba25c0f8c076ccf80ce8e8d05e34/10977:2,BIND_ONLY,0,0,,2,"paddingLeft(1), paddingRight(1)",2531:8303@Tracking1/Component 3/Property 1=Desk ;; 2531:8303@Tracking1/Component 3/Property 1=Desk
10977:3,VariableID:58731bef6ae78858acc43ea4831bc01094c4664b/10977:3,BIND_ONLY,0,0,,67,"itemSpacing(51), rectangleCornerRadii.RECTANGLE_TOP_LEFT_CORNER_RADIUS(4), rectangleCornerRadii.RECTANGLE_TOP_RIGHT_CORNER_RADIUS(4), rectangleCornerRadii.RECTANGLE_BOTTOM_LEFT_CORNER_RADIUS(4), rectangleCornerRadii.RECTANGLE_BOTTOM_RIGHT_CORNER_RADIUS(4)",I2753:5424;2531:9895@Contact/Contact/Footer Desk/Frame 90/Frame 1410103937/Frame  ;; I2531:10175;2531:9839@Contact/Contact/Footer Desk/Frame 5/Frame 5/Frame 90/Frame 1 ;; I2849:4356;2675:12653@Contact/Contact/Footer Desk/Frame 2087326389/Frame 93/Frame 
10977:6,VariableID:ddd068303e632c43df1c92dbb351bb9d81c768da/10977:6,BIND_ONLY,0,0,,96,"itemSpacing(30), rectangleCornerRadii.RECTANGLE_TOP_LEFT_CORNER_RADIUS(10), rectangleCornerRadii.RECTANGLE_TOP_RIGHT_CORNER_RADIUS(10), rectangleCornerRadii.RECTANGLE_BOTTOM_LEFT_CORNER_RADIUS(10), rectangleCornerRadii.RECTANGLE_BOTTOM_RIGHT_CORNER_RADIUS(10), paddingTop(9)",2448:8006@Cover/Frame 1556 ;; 2448:8006@Cover/Frame 1556 ;; 2448:8006@Cover/Frame 1556
10977:9,VariableID:d7301b72c22a037f1709a863d6542c3c3bde0f19/10977:9,BIND_ONLY,0,0,,6,itemSpacing(6),3139:5751@Contact/Contact/Section 1/Frame 2147224779/Contact/Form Fiel ;; 2448:7792@Contact/Contact/Section 1/Frame 2147224779/Contact/Form Fiel ;; 3139:10487@Contact/Contact/Form Fields Container
11028:0,VariableID:81f4027f03b23b84823b93b81ec53c72dd992307/11028:0,BIND_ONLY,0,0,,10,itemSpacing(10),"2443:3811@Card/Card _ Glass/State=Default, Color=White, Size=Big/Text/ ;; 2443:3822@Card/Card _ Glass/State=Hover, Color=White, Size=Big/Text/Fr ;; 2443:3833@Card/Card _ Glass/State=Default, Color=Blue, Size=Big/Text/F"
11028:11,VariableID:d1dbd7c0d8cec82856d0d0f9f4737a3e49812c46/11028:11,BIND_ONLY,0,0,,76,"individualStrokeWeights.BORDER_TOP_WEIGHT(19), individualStrokeWeights.BORDER_BOTTOM_WEIGHT(19), individualStrokeWeights.BORDER_LEFT_WEIGHT(19), individualStrokeWeights.BORDER_RIGHT_WEIGHT(19)",2448:8006@Cover/Frame 1556 ;; 2448:8006@Cover/Frame 1556 ;; 2448:8006@Cover/Frame 1556
11028:3,VariableID:92d41de5e20ae653baa70ace1fb5bd41f6ba1063/11028:3,BIND_ONLY,0,0,,141,"itemSpacing(101), rectangleCornerRadii.RECTANGLE_TOP_LEFT_CORNER_RADIUS(8), rectangleCornerRadii.RECTANGLE_TOP_RIGHT_CORNER_RADIUS(8), rectangleCornerRadii.RECTANGLE_BOTTOM_LEFT_CORNER_RADIUS(8), rectangleCornerRadii.RECTANGLE_BOTTOM_RIGHT_CORNER_RADIUS(8), paddingLeft(2)","I2675:6163;2448:4147@Contact/Contact_Succes/Notification Card/Frame 2087326515 ;; 2448:4147@Contact/Popup/Notification Card/Size=Big, State=Success/Fram ;; 3190:6046@Contact/Popup/Notification Card/Size=Big, State=Eror/Frame 2"
11028:5,VariableID:9172b3b27c8635d4358f20021d36a9b53a8f79f3/11028:5,BIND_ONLY,0,0,,16,"rectangleCornerRadii.RECTANGLE_TOP_LEFT_CORNER_RADIUS(4), rectangleCornerRadii.RECTANGLE_TOP_RIGHT_CORNER_RADIUS(4), rectangleCornerRadii.RECTANGLE_BOTTOM_LEFT_CORNER_RADIUS(4), rectangleCornerRadii.RECTANGLE_BOTTOM_RIGHT_CORNER_RADIUS(4)","2443:3902@Card/row/State=Default, Property 2=Big/Button ;; 2443:3902@Card/row/State=Default, Property 2=Big/Button ;; 2443:3902@Card/row/State=Default, Property 2=Big/Button"
11028:9,VariableID:ca846b86def5467c0a5d5eb3eba3d0c0da17bcd6/11028:9,BIND_ONLY,0,0,,8,"individualStrokeWeights.BORDER_TOP_WEIGHT(2), individualStrokeWeights.BORDER_BOTTOM_WEIGHT(2), individualStrokeWeights.BORDER_LEFT_WEIGHT(2), individualStrokeWeights.BORDER_RIGHT_WEIGHT(2)","2443:3818@Card/Card _ Glass/State=Hover, Color=White, Size=Big ;; 2443:3818@Card/Card _ Glass/State=Hover, Color=White, Size=Big ;; 2443:3818@Card/Card _ Glass/State=Hover, Color=White, Size=Big"
11117:2,VariableID:9302ecd674859593fb7014fc887068be573c898e/11117:2,BIND_ONLY,0,0,,2,fills.0(2),"2443:3851@Card/Card _ Glass/State=Default, Color=White, Size=Small ;; 2443:3873@Card/Card _ Glass/State=Default, Color=Blue, Size=Small"
11324:0,VariableID:ab351211bd2ddcc2f0a252b78a144a7e21e1e385/11324:0,BIND_ONLY,0,0,,2,fills.0(2),"2443:3834@Card/Card _ Glass/State=Default, Color=Blue, Size=Big/Text/F ;; 2443:3835@Card/Card _ Glass/State=Default, Color=Blue, Size=Big/Text/F"
11531:116,VariableID:12d14c6837cfe6f5442ac94826e13b7f53464082/11531:116,BIND_ONLY,0,0,,3,fills.0(3),"2443:3815@Card/Card _ Glass/State=Default, Color=White, Size=Big/Text/ ;; 2443:3826@Card/Card _ Glass/State=Hover, Color=White, Size=Big/Text/Fr ;; 2443:3859@Card/Card _ Glass/State=Default, Color=White, Size=Small/Tex"
11733:1,VariableID:67c984b2d626948d5c0eff208d911f91f554a53d/11733:1,BIND_ONLY,0,0,,8,"paddingLeft(2), paddingTop(2), paddingRight(2), paddingBottom(2)","2443:3910@Card/row/State=Variant2, Property 2=Small ;; 2443:3910@Card/row/State=Variant2, Property 2=Small ;; 2443:3910@Card/row/State=Variant2, Property 2=Small"
12761:13,VariableID:21e4dc6851aa0536c81868095c07b4053f646cde/12761:13,BIND_ONLY,0,0,,129,strokes.0(129),I2811:6364;2849:4687;12761:25597@SKU Product (Demo)/SKU - Dropdown/Section 3/Frame 2147224798 ;; I2811:6364;2849:4687;12761:25598@SKU Product (Demo)/SKU - Dropdown/Section 3/Frame 2147224798 ;; I2811:6364;2849:4687;12761:25599@SKU Product (Demo)/SKU - Dropdown/Section 3/Frame 2147224798
12761:15,VariableID:4b9ac6444459f11f2606ec0a40144c3b4db6ae5f/12761:15,BIND_ONLY,0,0,,3,characters(3),2675:6865@SKU Product (Demo)/Dropdown Menu/Dropdown Menu/Property 1=De ;; 2675:6870@SKU Product (Demo)/Dropdown Menu/Dropdown Menu/Property 1=Ch ;; 2675:6874@SKU Product (Demo)/Dropdown Menu/Dropdown Menu/Property 1=Ho
3083:183,VariableID:d4bd2075fe6ebe68c301da7b0577964890b1d832/3083:183,BIND_ONLY,0,0,,4,fills.0(4),2497:6847@Section 3/Group/Network/Symbol ;; 2497:6849@Section 3/Group/Personal Hotspot/Symbol ;; 2497:6853@Section 3/Group/Cellular/Symbol
397:108,VariableID:6feef7ee096c559e9ea9d0866227a1c5774fc1f9/397:108,BIND_ONLY,0,0,,2,strokes.0(2),I2445:2481;34:858@Footer/Back Button/Style=Round/Humberger/nav-arrow-up/Vector ;; I2445:2484;34:858@Footer/Back Button/Style=Style4/Humberger/nav-arrow-up/Vecto
397:110,VariableID:ea9067fe5156d532f70ca62b90a9ff69f63223f8/397:110,BIND_ONLY,0,0,,3,"fills.0(2), strokes.0(1)","2443:3829@Card/Card _ Glass/State=Default, Color=Blue, Size=Big ;; 2443:3896@Card/row/State=Default, Property 2=Big ;; 2443:3910@Card/row/State=Variant2, Property 2=Small"
397:112,VariableID:1304da3f6cced07620d20d93de0d271516b00d02/397:112,BIND_ONLY,0,0,,3,strokes.0(3),"2443:3807@Card/Card _ Glass/State=Default, Color=White, Size=Big ;; 2443:3851@Card/Card _ Glass/State=Default, Color=White, Size=Small ;; 2443:3873@Card/Card _ Glass/State=Default, Color=Blue, Size=Small"
397:114,VariableID:172a5686892635743851bc4e5f101d23efdcb4e8/397:114,BIND_ONLY,0,0,,1,fills.0(1),"2443:3837@Card/Card _ Glass/State=Default, Color=Blue, Size=Big/Text/F"
397:196,VariableID:ed2ac2f89adbdb4f728b13dfbfa50e580fe424ae/397:196,BIND_ONLY,0,0,,2,fills.0(2),2445:2483@Footer/Back Button/Style=Style4/Humberger ;; 2445:2488@Footer/Back Button/Style=Style3
397:197,VariableID:f9223dc9e8b6b6d5a57fdd2d0494adee6f61606a/397:197,BIND_ONLY,0,0,,2,fills.0(2),2445:2480@Footer/Back Button/Style=Round/Humberger ;; 2445:2485@Footer/Back Button/Style=Square
397:311,VariableID:261dcb84d4f824db6cb0a412f54ca731c7ac7b73/397:311,BIND_ONLY,0,0,,185,"rectangleCornerRadii.RECTANGLE_TOP_LEFT_CORNER_RADIUS(43), rectangleCornerRadii.RECTANGLE_TOP_RIGHT_CORNER_RADIUS(43), rectangleCornerRadii.RECTANGLE_BOTTOM_LEFT_CORNER_RADIUS(43), rectangleCornerRadii.RECTANGLE_BOTTOM_RIGHT_CORNER_RADIUS(43), itemSpacing(13)","2675:6163@Contact/Contact_Succes/Notification Card ;; 2448:4146@Contact/Popup/Notification Card/Size=Big, State=Success ;; 3190:6045@Contact/Popup/Notification Card/Size=Big, State=Eror"
399:168,VariableID:03fcf3a325f0ddcb595fa4de0494e1faeb5e5cdc/399:168,BIND_ONLY,0,0,,8,strokes.0(8),2448:8006@Cover/Frame 1556 ;; 2445:2686@Section 6/Home_Desk/Pride/Frame 1556 ;; 2849:3566@Section 6/Home_Desk/Pride/Frame 1556
3:10,VariableID:1d375a3c7df931dc873d72d5d318da605e639113/3:10,BIND_ONLY,0,0,,3,fills.0(3),"2445:2405@Footer/Footer Desk/Size=Desk, Style=Light Mode/Frame 224/Fra ;; 2445:2436@Footer/Footer Desk/Size=Tb, Style=Light Mode/Frame 1527/© Ne ;; 2497:7811@Footer/Footer Desk/Size=Mb, Style=Light Mode/Frame 208732639"
404:44,VariableID:d75cff86d97c40c95b4f624d5fc1154153c6cb1f/404:44,BIND_ONLY,0,0,,5,fills.0(5),"I2675:6163;2448:4148@Contact/Contact_Succes/Notification Card/Frame 2087326515/Cả ;; 2448:4148@Contact/Popup/Notification Card/Size=Big, State=Success/Fram ;; 3190:6047@Contact/Popup/Notification Card/Size=Big, State=Eror/Frame 2"
404:63,VariableID:a293ab0ac5e87880abae549575effeefb2cb554a/404:63,BIND_ONLY,0,0,,9,fills.0(9),2448:4129@Contact/Popup/Big ;; 2448:4130@Contact/Popup/Small ;; 2448:4135@Contact/Popup/Card thông báo co giãn theo tỷ lệ với Landing 
5720:181,VariableID:479f597e9f5abf81667bdb3bec81cd41d17ec8b7/5720:181,BIND_ONLY,0,0,,13,fills.0(13),2404:2623@Logo/Wiivent_Logo/Property 1=Black/Vector ;; 2404:2624@Logo/Wiivent_Logo/Property 1=Black/Vector ;; 2404:2625@Logo/Wiivent_Logo/Property 1=Black/Vector
5720:182,VariableID:5c599c060a29ced318f3252b9e68af4149737b21/5720:182,BIND_ONLY,0,0,,370,fills.0(370),I2753:5424;2531:9877;2404:2609@Contact/Contact/Footer Desk/Frame 2087326388/Wiivent_Logo/Ve ;; I2753:5424;2531:9877;2404:2610@Contact/Contact/Footer Desk/Frame 2087326388/Wiivent_Logo/Ve ;; I2753:5424;2531:9877;2404:2611@Contact/Contact/Footer Desk/Frame 2087326388/Wiivent_Logo/Ve
8409:48,VariableID:0cc594b6c77ac095d0b3c22df1c37d9b77747636/8409:48,BIND_ONLY,0,0,,5,fills.0(5),"2443:3823@Card/Card _ Glass/State=Hover, Color=White, Size=Big/Text/Fr ;; 2443:3824@Card/Card _ Glass/State=Hover, Color=White, Size=Big/Text/Fr ;; 2626:10383@Footer/Footer Desk/Size=Desk, Style=Light Mode/Frame 2087326"
8409:50,VariableID:bab464d6e7cdcfecf27875f39fbd410718b9bc4d/8409:50,BIND_ONLY,0,0,,30,fills.0(30),"2443:3845@Card/Card _ Glass/State=Hover, Color=Blue, Size=Big/Text/Fra ;; 2443:3846@Card/Card _ Glass/State=Hover, Color=Blue, Size=Big/Text/Fra ;; 2443:3878@Card/Card _ Glass/State=Default, Color=Blue, Size=Small/Text"
8409:56,VariableID:bbc805d63e07f9f944973afc3df385396f36bbc0/8409:56,BIND_ONLY,0,0,,2,fills.0(2),2531:8436@Tracking1/Component 3/Property 1=Desk/Demo Camera Lock/Group ;; 2531:8582@Tracking1/Component 3/Property 1=Tb/Demo Camera Lock/Group 1
8409:57,VariableID:d83ca2d548aa6e799ae5e476b0f19152a4c82dac/8409:57,BIND_ONLY,0,0,,6,fills.0(6),"2531:7487@USP/Components/services/type=2, state=normal/icon & bg/fill ;; 2531:7494@USP/Components/services/type=2, state=hover/icon & bg/fill ;; 2531:7501@USP/Components/services/type=2, state=link/icon & bg/fill"
8409:58,VariableID:2c913bc7685505f6ce71b0c32a1977f0df7297ff/8409:58,BIND_ONLY,0,0,,14,fills.0(14),2753:5413@Contact/Contact/Section 1/Frame 2147224779/Contact ;; 2448:7790@Contact/Contact/Section 1/Frame 2147224779/Contact ;; 2985:8000@Contact/Contact
8409:74,VariableID:b47ac733c2e52615b90d5f29a9b2da6ee3e1e1e3/8409:74,BIND_ONLY,0,0,,1,fills.0(1),"2443:3870@Card/Card _ Glass/State=Hover, Color=White, Size=Small/Text/"
8409:76,VariableID:a9c5e585c6c31b24b5d980ba2bf7c703b6aac72e/8409:76,BIND_ONLY,0,0,,2,fills.0(2),"2443:3867@Card/Card _ Glass/State=Hover, Color=White, Size=Small/Text/ ;; 2443:3868@Card/Card _ Glass/State=Hover, Color=White, Size=Small/Text/"
927:130,VariableID:cc6a8941fa50651f81b5c53516804c2cc5d1ccc7/927:130,WRITE_ONLY,48,1,($927:147 * $927:139),0,,
927:131,VariableID:a723ad6791c909532059ca84405a25f8c078f43d/927:131,WRITE_ONLY,80,1,($927:148 * $927:139),0,,
927:134,VariableID:749d13d80ddee0eaa4a0366768ef84998ae3837b/927:134,WRITE+BIND,48,1,($927:147 * $927:136),2,paddingTop(2),2531:8403@Tracking1/Component 3/Property 1=Desk/Demo Camera Lock/Group ;; 2531:8549@Tracking1/Component 3/Property 1=Tb/Demo Camera Lock/Group 1
927:135,VariableID:8fc488c63470c2de51e0f636800c44cf608976cf/927:135,WRITE+BIND,80,1,($927:148 * $927:136),2,paddingLeft(2),2531:8403@Tracking1/Component 3/Property 1=Desk/Demo Camera Lock/Group ;; 2531:8549@Tracking1/Component 3/Property 1=Tb/Demo Camera Lock/Group 1
927:137,VariableID:dd9b01cae38718121e612f9743fcd767a607b077/927:137,WRITE+BIND,80,1,($927:148 * $927:132),2,paddingLeft(2),2531:8419@Tracking1/Component 3/Property 1=Desk/Demo Camera Lock/Group ;; 2531:8565@Tracking1/Component 3/Property 1=Tb/Demo Camera Lock/Group 1
927:138,VariableID:f5120ed58d11584b593b36aa97f2bd3f35de33b9/927:138,WRITE+BIND,80,1,($927:148 * $927:145),2,paddingLeft(2),2531:8433@Tracking1/Component 3/Property 1=Desk/Demo Camera Lock/Group ;; 2531:8579@Tracking1/Component 3/Property 1=Tb/Demo Camera Lock/Group 1
927:140,VariableID:84751a428d498bf39fb72d50dab9b39d5ab7d54c/927:140,WRITE+BIND,48,1,($927:147 * $927:142),2,paddingTop(2),2531:8423@Tracking1/Component 3/Property 1=Desk/Demo Camera Lock/Group ;; 2531:8569@Tracking1/Component 3/Property 1=Tb/Demo Camera Lock/Group 1
927:141,VariableID:f2540f7e334a813b1333648342a45c9bb430094a/927:141,WRITE+BIND,80,1,($927:148 * $927:142),2,paddingLeft(2),2531:8423@Tracking1/Component 3/Property 1=Desk/Demo Camera Lock/Group ;; 2531:8569@Tracking1/Component 3/Property 1=Tb/Demo Camera Lock/Group 1
927:143,VariableID:61b7a8be419b3977d6a65f9671e57e9daf14ca3b/927:143,WRITE+BIND,48,1,($927:147 * $927:153),2,paddingTop(2),2531:8428@Tracking1/Component 3/Property 1=Desk/Demo Camera Lock/Group ;; 2531:8574@Tracking1/Component 3/Property 1=Tb/Demo Camera Lock/Group 1
927:144,VariableID:51ff8519980b0a33b426933e8613a695c2a73b95/927:144,WRITE+BIND,48,1,($927:147 * $927:133),1,paddingTop(1),2531:8373@Tracking1/Component 3/Property 1=Desk/Demo Camera Lock/Group
927:146,VariableID:ba77b43bf97578352caf8ea24b8961d6965dab54/927:146,WRITE+BIND,80,1,($927:148 * $927:153),2,paddingLeft(2),2531:8428@Tracking1/Component 3/Property 1=Desk/Demo Camera Lock/Group ;; 2531:8574@Tracking1/Component 3/Property 1=Tb/Demo Camera Lock/Group 1
927:147,VariableID:979eecae91a523219e94c8e6a165a804821e1b29/927:147,WRITE_ONLY,72,13,(($927:151 / 26) * 1) ;; (($927:151 / 26) * 10) ;; (($927:151 / 26) * 11),0,,
927:148,VariableID:bbadec6452165502e2b902b56dbba85f2c97ecc6/927:148,WRITE_ONLY,120,21,(($927:154 / 40) * 1) ;; (($927:154 / 40) * 10) ;; (($927:154 / 40) * 11),0,,
927:149,VariableID:9691214909237e03b962d0b6524402532e0a5b9b/927:149,WRITE+BIND,48,1,($927:147 * $927:132),2,paddingTop(2),2531:8419@Tracking1/Component 3/Property 1=Desk/Demo Camera Lock/Group ;; 2531:8565@Tracking1/Component 3/Property 1=Tb/Demo Camera Lock/Group 1
927:150,VariableID:02d5c3ed635a7666e8813967e531d584b3af2d5d/927:150,WRITE+BIND,80,1,($927:148 * $927:133),1,paddingLeft(1),2531:8373@Tracking1/Component 3/Property 1=Desk/Demo Camera Lock/Group
927:152,VariableID:986868f1541f2ff53e83c9fc7db455d382024b52/927:152,WRITE+BIND,48,1,($927:147 * $927:145),2,paddingTop(2),2531:8433@Tracking1/Component 3/Property 1=Desk/Demo Camera Lock/Group ;; 2531:8579@Tracking1/Component 3/Property 1=Tb/Demo Camera Lock/Group 1
VariableID:16:15,VariableID:16:15,BIND_ONLY,0,0,,100,"rectangleCornerRadii.RECTANGLE_TOP_LEFT_CORNER_RADIUS(25), rectangleCornerRadii.RECTANGLE_TOP_RIGHT_CORNER_RADIUS(25), rectangleCornerRadii.RECTANGLE_BOTTOM_LEFT_CORNER_RADIUS(25), rectangleCornerRadii.RECTANGLE_BOTTOM_RIGHT_CORNER_RADIUS(25)",2675:12677@Shadow/Shadows/Shadows/100/100 ;; 2675:12677@Shadow/Shadows/Shadows/100/100 ;; 2675:12677@Shadow/Shadows/Shadows/100/100
VariableID:2404:2637,VariableID:2404:2637,BIND_ONLY,0,0,,1484,"paddingLeft(177), paddingRight(177), itemSpacing(177), rectangleCornerRadii.RECTANGLE_TOP_LEFT_CORNER_RADIUS(167), rectangleCornerRadii.RECTANGLE_TOP_RIGHT_CORNER_RADIUS(167), rectangleCornerRadii.RECTANGLE_BOTTOM_LEFT_CORNER_RADIUS(167)",I2753:5424;2531:9885@Contact/Contact/Footer Desk/Frame 92/Frame 2147224758/Button ;; I2753:5424;2531:9885@Contact/Contact/Footer Desk/Frame 92/Frame 2147224758/Button ;; I2448:7643;2531:6521@Contact/Contact/Frame 2147224759/Frame 2147224758/Button of 
VariableID:2404:2638,VariableID:2404:2638,BIND_ONLY,0,0,,527,"size.y(66), itemSpacing(63), rectangleCornerRadii.RECTANGLE_TOP_RIGHT_CORNER_RADIUS(59), rectangleCornerRadii.RECTANGLE_BOTTOM_RIGHT_CORNER_RADIUS(59), rectangleCornerRadii.RECTANGLE_TOP_LEFT_CORNER_RADIUS(56), rectangleCornerRadii.RECTANGLE_BOTTOM_LEFT_CORNER_RADIUS(56)",2753:5412@Contact/Contact/Section 1/Frame 2147224779 ;; 2753:5413@Contact/Contact/Section 1/Frame 2147224779/Contact ;; 2753:5413@Contact/Contact/Section 1/Frame 2147224779/Contact
VariableID:2404:2639,VariableID:2404:2639,BIND_ONLY,0,0,,877,"paddingBottom(208), paddingTop(170), itemSpacing(97), rectangleCornerRadii.RECTANGLE_TOP_LEFT_CORNER_RADIUS(68), rectangleCornerRadii.RECTANGLE_TOP_RIGHT_CORNER_RADIUS(68), rectangleCornerRadii.RECTANGLE_BOTTOM_LEFT_CORNER_RADIUS(68)",2753:5406@Contact/Contact/Frame 2147224759 ;; 2753:5406@Contact/Contact/Frame 2147224759 ;; 2753:5406@Contact/Contact/Frame 2147224759
VariableID:2404:2640,VariableID:2404:2640,BIND_ONLY,0,0,,468,"paddingLeft(157), paddingRight(157), itemSpacing(55), minHeight(43), paddingBottom(29), paddingTop(27)",2753:5410@Contact/Contact/Section 1 ;; 2753:5410@Contact/Contact/Section 1 ;; 2753:5410@Contact/Contact/Section 1
VariableID:2404:2641,VariableID:2404:2641,BIND_ONLY,0,0,,78,"paddingBottom(36), paddingTop(31), paddingRight(5), size.y(4), itemSpacing(2)",2448:7965@Contact/Contact/Container/Title ;; 2448:7644@Contact/Contact/Section 1 ;; 2448:7644@Contact/Contact/Section 1
VariableID:2404:2642,VariableID:2404:2642,BIND_ONLY,0,0,,20,"paddingTop(12), itemSpacing(5), size.y(3)",2531:10175@Contact/Contact/Footer Desk ;; 2675:6010@Contact/Contact_Succes/Footer Desk ;; I2675:6163;2985:8377@Contact/Contact_Succes/Notification Card/Frame 2087326514/ch
VariableID:2438:2646,VariableID:2438:2646,BIND_ONLY,0,0,,51,"paddingBottom(29), size.y(18), paddingTop(4)",2531:10175@Contact/Contact/Footer Desk ;; 2675:6010@Contact/Contact_Succes/Footer Desk ;; 2985:8098@Contact/Contact_Eror_Desk/Footer Desk
VariableID:2438:2647,VariableID:2438:2647,BIND_ONLY,0,0,,99,"paddingRight(50), paddingLeft(49)",2448:7643@Contact/Contact/Frame 2147224759 ;; 2448:7643@Contact/Contact/Frame 2147224759 ;; 2448:7644@Contact/Contact/Section 1
VariableID:2531:9196,VariableID:2531:9196,BIND_ONLY,0,0,,64,"size.x(24), paddingLeft(20), paddingRight(20)",I2448:7643;3139:11474;3139:11623@Contact/Contact/Frame 2147224759/Frame 2147224758/List (Left ;; 2849:4337@Contact/Contact/Frame 2147224759 ;; 2849:4337@Contact/Contact/Frame 2147224759
VariableID:2633:5688,VariableID:2633:5688,BIND_ONLY,0,0,,68,strokeWeight(68),I2849:4356;2531:9851@Contact/Contact/Footer Desk/Line 2 ;; I2849:4356;2531:9871@Contact/Contact/Footer Desk/Line 1 ;; I2769:6165;2769:6033;2769:5935@SKU - Mobile/SKU - Mobile/Frame 2147224830/Frame 2147224833/
VariableID:2633:5689,VariableID:2633:5689,BIND_ONLY,0,0,,64,"individualStrokeWeights.BORDER_TOP_WEIGHT(16), individualStrokeWeights.BORDER_BOTTOM_WEIGHT(16), individualStrokeWeights.BORDER_LEFT_WEIGHT(16), individualStrokeWeights.BORDER_RIGHT_WEIGHT(16)",2811:6364@SKU Product (Demo)/SKU - Dropdown/Section 3/Frame 2147224798 ;; 2811:6364@SKU Product (Demo)/SKU - Dropdown/Section 3/Frame 2147224798 ;; 2811:6364@SKU Product (Demo)/SKU - Dropdown/Section 3/Frame 2147224798
VariableID:2648:6202,VariableID:2648:6202,BIND_ONLY,0,0,,50,strokes.0(50),I2753:5406;2675:12042;2675:12032@Contact/Contact/Frame 2147224759/Component 13/Vector ;; I2753:5406;2675:12042;2675:12033@Contact/Contact/Frame 2147224759/Component 13/Vector ;; I2753:5406;2675:12042;2675:12034@Contact/Contact/Frame 2147224759/Component 13/Vector
VariableID:2675:4550,VariableID:2675:4550,BIND_ONLY,0,0,,68,characters(68),I2933:9358;2675:4705@SKU - Mobile/SKU - Mobile/Section 4/Frame 2147224797/Frame 2 ;; I2933:9359;2675:4615@SKU - Mobile/SKU - Mobile/Section 4/Frame 2147224797/Frame 2 ;; I2933:9360;2675:4615@SKU - Mobile/SKU - Mobile/Section 4/Frame 2147224797/Frame 2
VariableID:33:109,VariableID:33:109,BIND_ONLY,0,0,,272,"rectangleCornerRadii.RECTANGLE_TOP_LEFT_CORNER_RADIUS(68), rectangleCornerRadii.RECTANGLE_TOP_RIGHT_CORNER_RADIUS(68), rectangleCornerRadii.RECTANGLE_BOTTOM_LEFT_CORNER_RADIUS(68), rectangleCornerRadii.RECTANGLE_BOTTOM_RIGHT_CORNER_RADIUS(68)",I2633:5918;101:1651@Frame 2147224796/Frame 2147224795/Badge & Chip/cancel ;; I2633:5918;101:1651@Frame 2147224796/Frame 2147224795/Badge & Chip/cancel ;; I2633:5918;101:1651@Frame 2147224796/Frame 2147224795/Badge & Chip/cancel
VariableID:397:2844,VariableID:397:2844,BIND_ONLY,0,0,,2,fills.0(2),2633:5703@Section 8/Component 11/Property 1=Focus ;; 3139:10807@List/List/Property 1=Hover
VariableID:397:2846,VariableID:397:2846,BIND_ONLY,0,0,,47,"strokes.0(25), fills.0(16), textRangeFills.0(6)",2436:2621@Grids/Mb Grid/Frame 15/label ;; 2436:2618@Grids/Mb Grid/Frame 15/title/• ;; 2436:2612@Grids/Mb Grid/Frame 15/Frame 14/Frame 6/Info/Device options 
VariableID:397:2847,VariableID:397:2847,BIND_ONLY,0,0,,1,fills.0(1),390:2843@Dropdown/Mouse
VariableID:397:2848,VariableID:397:2848,BIND_ONLY,0,0,,3,strokes.0(3),2633:5703@Section 8/Component 11/Property 1=Focus ;; I2633:5693;57:1773@Section 8/Component 11/Property 1=Focus/search/Vector ;; I2633:5693;57:1774@Section 8/Component 11/Property 1=Focus/search/Vector
VariableID:397:2849,VariableID:397:2849,BIND_ONLY,0,0,,85,"fills.0(77), strokes.0(8)",3139:10434@Contact/Contact/Section 1/Frame 2147224779/Contact/Submit Co ;; I2753:5424;2531:9885@Contact/Contact/Footer Desk/Frame 92/Frame 2147224758/Button ;; 2448:7799@Contact/Contact/Section 1/Frame 2147224779/Contact/Submit Co
VariableID:397:2850,VariableID:397:2850,BIND_ONLY,0,0,,113,fills.0(113),I2448:7643;2531:6521@Contact/Contact/Frame 2147224759/Frame 2147224758/Button of  ;; I2448:7643;3139:11474;3139:11623@Contact/Contact/Frame 2147224759/Frame 2147224758/List (Left ;; I2531:10175;2531:9829@Contact/Contact/Footer Desk/Frame 5/Frame 5/Frame 92/Frame 2
VariableID:397:2851,VariableID:397:2851,BIND_ONLY,0,0,,24,fills.0(24),I2448:7643;3139:11474;3139:11623;106:1539@Contact/Contact/Frame 2147224759/Frame 2147224758/List (Left ;; I2849:4337;3139:11700;3139:11623;106:1539@Contact/Contact/Frame 2147224759/Frame 2147224758/List (Left ;; I2675:5992;3139:11474;3139:11623;106:1539@Contact/Contact_Succes/Frame 2147224759/Frame 2147224758/Lis
VariableID:397:2852,VariableID:397:2852,BIND_ONLY,0,0,,1,fills.0(1),"2531:6500@Header/Button of Nav Heading/State=Press, Style=Box"
VariableID:397:2853,VariableID:397:2853,BIND_ONLY,0,0,,36,"fills.0(27), fills.1(9)",2753:5424@Contact/Contact/Footer Desk ;; 2531:10175@Contact/Contact/Footer Desk ;; 2849:4356@Contact/Contact/Footer Desk
VariableID:397:2855,VariableID:397:2855,BIND_ONLY,0,0,,10,fills.0(10),3139:11047@Section 6/List (5 Rows) ;; 3139:11227@Header/List (5 Rows) ;; 231:4151@List/List (5 Rows)
VariableID:397:2856,VariableID:397:2856,BIND_ONLY,0,0,,137,fills.0(137),I3139:8625;2675:6468;2675:5061@SKU - Mobile/SKU - Mobile/Section 4/Frame 2147224799/Card SK ;; I3139:8626;2675:6468;2675:5068@SKU - Mobile/SKU - Mobile/Section 4/Frame 2147224799/Card SK ;; I3139:8627;2675:6468;2675:5079@SKU - Mobile/SKU - Mobile/Section 4/Frame 2147224799/Card SK
VariableID:397:2857,VariableID:397:2857,BIND_ONLY,0,0,,143,"strokes.0(137), fills.0(6)",I3139:8625;2675:6468;2675:5061@SKU - Mobile/SKU - Mobile/Section 4/Frame 2147224799/Card SK ;; I3139:8626;2675:6468;2675:5068@SKU - Mobile/SKU - Mobile/Section 4/Frame 2147224799/Card SK ;; I3139:8627;2675:6468;2675:5079@SKU - Mobile/SKU - Mobile/Section 4/Frame 2147224799/Card SK
VariableID:397:2860,VariableID:397:2860,BIND_ONLY,0,0,,135,"fills.0(105), strokes.0(30)",I2769:6166;2769:6048;2769:5937@SKU - Mobile/SKU - Mobile/Frame 2147224830/Frame 2147224833/ ;; I2769:6167;2769:6048;2769:5937@SKU - Mobile/SKU - Mobile/Frame 2147224830/Frame 2147224833/ ;; I3139:8626;2675:6468;2675:5072@SKU - Mobile/SKU - Mobile/Section 4/Frame 2147224799/Card SK
VariableID:397:2862,VariableID:397:2862,BIND_ONLY,0,0,,3,fills.0(3),2443:4452@Section 6/Home_Desk/Section 5/Frame 2147224765/Frame 2147224 ;; 2849:3674@Section 6/Home_Desk/Section 5/Frame 2147224765/Frame 2147224 ;; 2747:3310@Section 6/Home_Mb/Section 5/Frame 2147224765/Frame 214722477
VariableID:397:2896,VariableID:397:2896,BIND_ONLY,0,0,,62,strokes.0(62),I2753:5424;2531:9879@Contact/Contact/Footer Desk/Line 2 ;; I2753:5424;2531:9898@Contact/Contact/Footer Desk/Line 1 ;; I2531:10175;2633:5755@Contact/Contact/Footer Desk/Line Bottom
VariableID:397:2897,VariableID:397:2897,BIND_ONLY,0,0,,287,"fills.0(152), strokes.0(135)",I3139:8625;2675:6468;2675:5064@SKU - Mobile/SKU - Mobile/Section 4/Frame 2147224799/Card SK ;; I3139:8626;2675:6468;2675:5075@SKU - Mobile/SKU - Mobile/Section 4/Frame 2147224799/Card SK ;; I3139:8627;2675:6468;2675:5090@SKU - Mobile/SKU - Mobile/Section 4/Frame 2147224799/Card SK
VariableID:397:2898,VariableID:397:2898,BIND_ONLY,0,0,,30,fills.0(30),I2753:5424;2531:10029@Contact/Contact/Footer Desk/Frame 2087326390/Back Button ;; I2531:10175;2531:10059@Contact/Contact/Footer Desk/Frame 1527/Back Button ;; I2849:4356;2531:10025@Contact/Contact/Footer Desk/Frame 1527/Back Button
VariableID:397:2900,VariableID:397:2900,BIND_ONLY,0,0,,18,"strokes.0(16), strokes.1(2)",2933:9362@SKU - Mobile/SKU - Mobile/Section 4/Frame 2147224797/Frame 2 ;; 2933:8768@SKU - Mobile/Mb_SKU - Mobile/Section 3/Frame 2147224797/Comp ;; 2933:9953@SKU - Mobile/Tb_SKU - Mobile/Section 3/Frame 2147224797/Fram
VariableID:397:2904,VariableID:397:2904,BIND_ONLY,0,0,,1,fills.0(1),2753:5399@Cover/Frame 1556/Wiinvent Ad
VariableID:397:2905,VariableID:397:2905,BIND_ONLY,0,0,,538,"paddingLeft(133), paddingRight(133), rectangleCornerRadii.RECTANGLE_TOP_LEFT_CORNER_RADIUS(49), rectangleCornerRadii.RECTANGLE_TOP_RIGHT_CORNER_RADIUS(49), rectangleCornerRadii.RECTANGLE_BOTTOM_LEFT_CORNER_RADIUS(49), rectangleCornerRadii.RECTANGLE_BOTTOM_RIGHT_CORNER_RADIUS(49)",3139:10432@Contact/Contact/Section 1/Frame 2147224779/Contact/Submit Co ;; 3139:10432@Contact/Contact/Section 1/Frame 2147224779/Contact/Submit Co ;; 2448:7798@Contact/Contact/Section 1/Frame 2147224779/Contact/Submit Co
VariableID:397:2906,VariableID:397:2906,BIND_ONLY,0,0,,172,"paddingTop(45), paddingBottom(45), strokeWeight(38), individualStrokeWeights.BORDER_TOP_WEIGHT(11), individualStrokeWeights.BORDER_BOTTOM_WEIGHT(11), individualStrokeWeights.BORDER_LEFT_WEIGHT(11)",I2753:5424;2531:9879@Contact/Contact/Footer Desk/Line 2 ;; I2753:5424;2531:9898@Contact/Contact/Footer Desk/Line 1 ;; 2531:10175@Contact/Contact/Footer Desk
VariableID:397:2907,VariableID:397:2907,BIND_ONLY,0,0,,846,"individualStrokeWeights.BORDER_TOP_WEIGHT(197), individualStrokeWeights.BORDER_BOTTOM_WEIGHT(197), individualStrokeWeights.BORDER_LEFT_WEIGHT(197), individualStrokeWeights.BORDER_RIGHT_WEIGHT(197), itemSpacing(27), strokeWeight(16)","I2675:6163;2985:8377;78:1314@Contact/Contact_Succes/Notification Card/Frame 2087326514/ch ;; I2675:6163;2985:8377;78:1315@Contact/Contact_Succes/Notification Card/Frame 2087326514/ch ;; I2985:8377;78:1314@Contact/Popup/Notification Card/Size=Big, State=Success/Fram"
VariableID:397:2908,VariableID:397:2908,BIND_ONLY,0,0,,1984,"rectangleCornerRadii.RECTANGLE_TOP_LEFT_CORNER_RADIUS(465), rectangleCornerRadii.RECTANGLE_TOP_RIGHT_CORNER_RADIUS(465), rectangleCornerRadii.RECTANGLE_BOTTOM_LEFT_CORNER_RADIUS(465), rectangleCornerRadii.RECTANGLE_BOTTOM_RIGHT_CORNER_RADIUS(465), cornerRadius(75), itemSpacing(49)",I3139:8625;2675:6468;2675:5061@SKU - Mobile/SKU - Mobile/Section 4/Frame 2147224799/Card SK ;; I3139:8626;2675:6468;2675:5070@SKU - Mobile/SKU - Mobile/Section 4/Frame 2147224799/Card SK ;; I3139:8626;2675:6468;2675:5070@SKU - Mobile/SKU - Mobile/Section 4/Frame 2147224799/Card SK
VariableID:397:2909,VariableID:397:2909,BIND_ONLY,0,0,,391,"itemSpacing(121), paddingLeft(45), paddingRight(45), rectangleCornerRadii.RECTANGLE_TOP_LEFT_CORNER_RADIUS(45), rectangleCornerRadii.RECTANGLE_TOP_RIGHT_CORNER_RADIUS(45), rectangleCornerRadii.RECTANGLE_BOTTOM_LEFT_CORNER_RADIUS(45)",I2753:5424;2531:9885@Contact/Contact/Footer Desk/Frame 92/Frame 2147224758/Button ;; I2448:7643;2531:6521@Contact/Contact/Frame 2147224759/Frame 2147224758/Button of  ;; I2531:10175;2531:9829@Contact/Contact/Footer Desk/Frame 5/Frame 5/Frame 92/Frame 2
VariableID:397:2910,VariableID:397:2910,BIND_ONLY,0,0,,629,"itemSpacing(209), paddingLeft(75), paddingRight(75), paddingTop(57), paddingBottom(57), rectangleCornerRadii.RECTANGLE_TOP_LEFT_CORNER_RADIUS(39)",I2753:5424;2531:9885@Contact/Contact/Footer Desk/Frame 92/Frame 2147224758/Button ;; I2753:5424;2531:9885@Contact/Contact/Footer Desk/Frame 92/Frame 2147224758/Button ;; I2448:7643;2531:6521@Contact/Contact/Frame 2147224759/Frame 2147224758/Button of 
VariableID:397:2911,VariableID:397:2911,BIND_ONLY,0,0,,1468,"paddingLeft(249), paddingRight(249), rectangleCornerRadii.RECTANGLE_TOP_LEFT_CORNER_RADIUS(171), rectangleCornerRadii.RECTANGLE_TOP_RIGHT_CORNER_RADIUS(171), rectangleCornerRadii.RECTANGLE_BOTTOM_LEFT_CORNER_RADIUS(171), rectangleCornerRadii.RECTANGLE_BOTTOM_RIGHT_CORNER_RADIUS(171)",I2753:5424;2531:9882@Contact/Contact/Footer Desk/Frame 92/Frame 2147224758/Button ;; I2753:5424;2531:9882@Contact/Contact/Footer Desk/Frame 92/Frame 2147224758/Button ;; I2753:5424;2531:9883@Contact/Contact/Footer Desk/Frame 92/Frame 2147224758/Button
VariableID:397:2913,VariableID:397:2913,BIND_ONLY,0,0,,4,fills.0(4),2445:2686@Section 6/Home_Desk/Pride/Frame 1556 ;; 2849:3566@Section 6/Home_Desk/Pride/Frame 1556 ;; 3162:8816@Section 6/Home_Mb/Pride/Frame 1556
VariableID:397:2914,VariableID:397:2914,BIND_ONLY,0,0,,6,fills.0(6),2531:6199@Section 3/Frame 48095695/Property 1=Default/Component 9 ;; 2531:6218@Section 3/Frame 48095695/Property 1=Variant2/Component 9 ;; 2531:6194@Section 3/Component 9/Property 1=Design
VariableID:399:2845,VariableID:399:2845,BIND_ONLY,0,0,,24,strokes.0(24),I3055:10205;2626:10318@SDK/Desk_SDK/Cover/Frame 1557/Frame 48095697/Component 11 ;; I3055:10206;2626:10318@SDK/Desk_SDK/Cover/Frame 1557/Frame 48095698/Component 11 ;; I3055:10207;2626:10318@SDK/Desk_SDK/Cover/Frame 1557/Frame 48095699/Component 11
VariableID:399:2847,VariableID:399:2847,BIND_ONLY,0,0,,37,fills.0(37),I2531:6663;2531:6605@Section 6/Home_Desk/Pride/Frame 1556/Pride/USO Card/Frame 48 ;; I2531:7870;2531:6605@Section 6/Home_Desk/Pride/Frame 1556/Pride/Component 9/Frame ;; I2531:7876;2531:6605@Section 6/Home_Desk/Pride/Frame 1556/Pride/Component 10/Fram
VariableID:399:2848,VariableID:399:2848,BIND_ONLY,0,0,,42,fills.0(42),I2811:6364;2675:6884@SKU Product (Demo)/SKU - Dropdown/Section 3/Frame 2147224798 ;; I2811:6364;3139:8273@SKU Product (Demo)/SKU - Dropdown/Section 3/Frame 2147224798 ;; I2811:6364;2675:6885@SKU Product (Demo)/SKU - Dropdown/Section 3/Frame 2147224798
VariableID:399:2850,VariableID:399:2850,BIND_ONLY,0,0,,247,"fills.0(245), strokes.0(2)",2753:5405@Contact/Contact ;; 2753:5406@Contact/Contact/Frame 2147224759 ;; 2753:5410@Contact/Contact/Section 1
VariableID:399:2851,VariableID:399:2851,BIND_ONLY,0,0,,65,effects.0(65),2769:7014@SKU - Mobile/SKU - Mobile/Frame 2147224830/Frame 2147224834 ;; 2933:9353@SKU - Mobile/SKU - Mobile/Section 4/Frame 2147224797 ;; 2995:10347@SKU - Mobile/Mb_SKU - Mobile/Frame 2147224830/Frame 21472248
VariableID:399:2856,VariableID:399:2856,BIND_ONLY,0,0,,2,fills.0(2),2675:6169@Contact/Contact_Succes/Overlay ;; 2903:8355@Vertical Menu - Mobile/Home_Mb/Overlay
VariableID:399:2860,VariableID:399:2860,BIND_ONLY,0,0,,34,fills.0(34),I3139:8629;2675:6468;2675:5110@SKU - Mobile/SKU - Mobile/Section 4/Frame 2147224799/Card SK ;; I3139:8630;2675:6468;2675:5120@SKU - Mobile/SKU - Mobile/Section 4/Frame 2147224799/Card SK ;; I3139:9968;2675:6468;2675:5110@SKU - Mobile/Mb_SKU - Mobile/Section 3/Frame 2147224798/Card
VariableID:399:2862,VariableID:399:2862,BIND_ONLY,0,0,,8,fills.0(8),2675:12677@Shadow/Shadows/Shadows/100/100 ;; 2675:12680@Shadow/Shadows/Shadows/200/200 ;; 2675:12683@Shadow/Shadows/Shadows/300/300
VariableID:399:2865,VariableID:399:2865,BIND_ONLY,0,0,,864,fills.0(864),I3139:5752;64:1260@Contact/Contact/Section 1/Frame 2147224779/Contact/Form Fiel ;; I3139:5753;64:1260@Contact/Contact/Section 1/Frame 2147224779/Contact/Form Fiel ;; I3139:5754;64:1260@Contact/Contact/Section 1/Frame 2147224779/Contact/Form Fiel
VariableID:399:2866,VariableID:399:2866,BIND_ONLY,0,0,,303,"fills.0(301), strokes.0(2)","I2675:6163;2448:4150@Contact/Contact_Succes/Notification Card/Frame 2087326514/Cả ;; 2448:4150@Contact/Popup/Notification Card/Size=Big, State=Success/Fram ;; 3190:6050@Contact/Popup/Notification Card/Size=Big, State=Eror/Frame 2"
VariableID:399:2867,VariableID:399:2867,BIND_ONLY,0,0,,112,fills.0(112),I2865:9195;36:1039@SKU - Mobile/SKU - Mobile/Frame 2147224830/Frame 2147224834/ ;; I2769:7026;36:706@SKU - Mobile/SKU - Mobile/Frame 2147224830/Frame 2147224834/ ;; I2995:10348;36:1039@SKU - Mobile/Mb_SKU - Mobile/Frame 2147224830/Frame 21472248
VariableID:399:2870,VariableID:399:2870,BIND_ONLY,0,0,,38,itemSpacing(38),2531:6663@Section 6/Home_Desk/Pride/Frame 1556/Pride/USO Card ;; 2531:7870@Section 6/Home_Desk/Pride/Frame 1556/Pride/Component 9 ;; 2531:7876@Section 6/Home_Desk/Pride/Frame 1556/Pride/Component 10
VariableID:399:2871,VariableID:399:2871,BIND_ONLY,0,0,,43,itemSpacing(43),I2531:6663;2531:6605@Section 6/Home_Desk/Pride/Frame 1556/Pride/USO Card/Frame 48 ;; I2531:7870;2531:6605@Section 6/Home_Desk/Pride/Frame 1556/Pride/Component 9/Frame ;; I2531:7876;2531:6605@Section 6/Home_Desk/Pride/Frame 1556/Pride/Component 10/Fram
VariableID:399:2873,VariableID:399:2873,BIND_ONLY,0,0,,162,itemSpacing(162),I2753:5424;2531:9882@Contact/Contact/Footer Desk/Frame 92/Frame 2147224758/Button ;; I2753:5424;2531:9883@Contact/Contact/Footer Desk/Frame 92/Frame 2147224758/Button ;; I2753:5424;2531:9884@Contact/Contact/Footer Desk/Frame 92/Frame 2147224758/Button
VariableID:399:2874,VariableID:399:2874,BIND_ONLY,0,0,,4,paddingTop(4),2933:8765@SKU - Mobile/Mb_SKU - Mobile/Section 3/Frame 2147224797 ;; 2933:9157@SKU - Smart TV/Mb_SKU - TV/Section 4/Frame 2147224797 ;; 2811:6820@SKU Product (Demo)/Mb_SKU/Section 3/Frame 2147224797
VariableID:399:2875,VariableID:399:2875,BIND_ONLY,0,0,,74,"size.y(57), paddingTop(11), itemSpacing(5), paddingBottom(1)",I2753:5424;2531:9885;2531:6506@Contact/Contact/Footer Desk/Frame 92/Frame 2147224758/Button ;; I2448:7643;2531:6521;2531:6502@Contact/Contact/Frame 2147224759/Frame 2147224758/Button of  ;; I2531:10175;2531:9829;2531:6502@Contact/Contact/Footer Desk/Frame 5/Frame 5/Frame 92/Frame 2
VariableID:399:2876,VariableID:399:2876,BIND_ONLY,0,0,,14,paddingBottom(14),2933:9353@SKU - Mobile/SKU - Mobile/Section 4/Frame 2147224797 ;; 2933:8765@SKU - Mobile/Mb_SKU - Mobile/Section 3/Frame 2147224797 ;; 2933:9944@SKU - Mobile/Tb_SKU - Mobile/Section 3/Frame 2147224797
VariableID:399:2880,VariableID:399:2880,BIND_ONLY,0,0,,988,"rectangleCornerRadii.RECTANGLE_BOTTOM_LEFT_CORNER_RADIUS(246), rectangleCornerRadii.RECTANGLE_BOTTOM_RIGHT_CORNER_RADIUS(246), rectangleCornerRadii.RECTANGLE_TOP_LEFT_CORNER_RADIUS(244), rectangleCornerRadii.RECTANGLE_TOP_RIGHT_CORNER_RADIUS(244), cornerRadius(8)",I3139:10433;80:1529@Contact/Contact/Section 1/Frame 2147224779/Contact/Submit Co ;; I3139:10433;80:1529@Contact/Contact/Section 1/Frame 2147224779/Contact/Submit Co ;; I3139:10433;80:1529@Contact/Contact/Section 1/Frame 2147224779/Contact/Submit Co
VariableID:399:2881,VariableID:399:2881,BIND_ONLY,0,0,,932,"rectangleCornerRadii.RECTANGLE_TOP_LEFT_CORNER_RADIUS(233), rectangleCornerRadii.RECTANGLE_TOP_RIGHT_CORNER_RADIUS(233), rectangleCornerRadii.RECTANGLE_BOTTOM_LEFT_CORNER_RADIUS(233), rectangleCornerRadii.RECTANGLE_BOTTOM_RIGHT_CORNER_RADIUS(233)",I3139:5752;64:1261@Contact/Contact/Section 1/Frame 2147224779/Contact/Form Fiel ;; I3139:5752;64:1261@Contact/Contact/Section 1/Frame 2147224779/Contact/Form Fiel ;; I3139:5752;64:1261@Contact/Contact/Section 1/Frame 2147224779/Contact/Form Fiel
VariableID:399:2882,VariableID:399:2882,BIND_ONLY,0,0,,508,"rectangleCornerRadii.RECTANGLE_TOP_LEFT_CORNER_RADIUS(127), rectangleCornerRadii.RECTANGLE_TOP_RIGHT_CORNER_RADIUS(127), rectangleCornerRadii.RECTANGLE_BOTTOM_LEFT_CORNER_RADIUS(127), rectangleCornerRadii.RECTANGLE_BOTTOM_RIGHT_CORNER_RADIUS(127)",3139:10434@Contact/Contact/Section 1/Frame 2147224779/Contact/Submit Co ;; 3139:10434@Contact/Contact/Section 1/Frame 2147224779/Contact/Submit Co ;; 3139:10434@Contact/Contact/Section 1/Frame 2147224779/Contact/Submit Co
VariableID:399:2933,VariableID:399:2933,BIND_ONLY,0,0,,1108,"rectangleCornerRadii.RECTANGLE_TOP_LEFT_CORNER_RADIUS(277), rectangleCornerRadii.RECTANGLE_TOP_RIGHT_CORNER_RADIUS(277), rectangleCornerRadii.RECTANGLE_BOTTOM_LEFT_CORNER_RADIUS(277), rectangleCornerRadii.RECTANGLE_BOTTOM_RIGHT_CORNER_RADIUS(277)",2769:6165@SKU - Mobile/SKU - Mobile/Frame 2147224830/Frame 2147224833/ ;; 2769:6165@SKU - Mobile/SKU - Mobile/Frame 2147224830/Frame 2147224833/ ;; 2769:6165@SKU - Mobile/SKU - Mobile/Frame 2147224830/Frame 2147224833/
VariableID:399:2934,VariableID:399:2934,BIND_ONLY,0,0,,426,"rectangleCornerRadii.RECTANGLE_TOP_RIGHT_CORNER_RADIUS(111), rectangleCornerRadii.RECTANGLE_BOTTOM_RIGHT_CORNER_RADIUS(111), rectangleCornerRadii.RECTANGLE_TOP_LEFT_CORNER_RADIUS(102), rectangleCornerRadii.RECTANGLE_BOTTOM_LEFT_CORNER_RADIUS(102)",2769:7014@SKU - Mobile/SKU - Mobile/Frame 2147224830/Frame 2147224834 ;; 2769:7014@SKU - Mobile/SKU - Mobile/Frame 2147224830/Frame 2147224834 ;; 2933:9353@SKU - Mobile/SKU - Mobile/Section 4/Frame 2147224797
VariableID:399:2936,VariableID:399:2936,BIND_ONLY,0,0,,704,"fills.0(626), strokes.0(78)",I3139:10434;34:1258@Contact/Contact/Section 1/Frame 2147224779/Contact/Submit Co ;; I2753:5424;2531:9878@Contact/Contact/Footer Desk/Frame 2087326388/Công ty TNHH Mộ ;; I2753:5424;2531:9882;2445:2775@Contact/Contact/Footer Desk/Frame 92/Frame 2147224758/Button
VariableID:400:2843,VariableID:400:2843,BIND_ONLY,0,0,,57,fills.0(57),"101:2154@Breadcrumbs/Breadcrumbs (Item)/State=Disabled/Text/Text ;; 81:1243@Toggle/Toggle + Text/State=Selected, Text Side=Left/Placehol ;; 81:1257@Toggle/Toggle + Text/State=Selected, Text Side=Right/Placeho"
VariableID:400:2844,VariableID:400:2844,BIND_ONLY,0,0,,305,fills.0(305),2769:7016@SKU - Mobile/SKU - Mobile/Frame 2147224830/Frame 2147224834/ ;; I3139:8625;2675:6179@SKU - Mobile/SKU - Mobile/Section 4/Frame 2147224799/Card SK ;; I3139:8626;2675:6179@SKU - Mobile/SKU - Mobile/Section 4/Frame 2147224799/Card SK
VariableID:400:2847,VariableID:400:2847,BIND_ONLY,0,0,,496,"strokes.0(468), fills.0(28)",I3139:10434;34:1256;34:818@Contact/Contact/Section 1/Frame 2147224779/Contact/Submit Co ;; I3139:10434;34:1259;34:831@Contact/Contact/Section 1/Frame 2147224779/Contact/Submit Co ;; I2753:5424;2531:9885;2531:6506;34:833@Contact/Contact/Footer Desk/Frame 92/Frame 2147224758/Button
VariableID:400:2848,VariableID:400:2848,BIND_ONLY,0,0,,5100,"strokes.0(4949), fills.0(151)",I2443:4369;2443:4300;2443:4249@Section 6/Home_Desk/Section 4/Frame 2147224765/Frame 2147224 ;; I2849:3654;2443:4300;2443:4249@Section 6/Home_Desk/Section 4/Frame 2147224765/Frame 2147224 ;; I2747:3290;2443:4300;2443:4249@Section 6/Home_Mb/Section 4/Frame 2147224765/Frame 214722477
VariableID:400:2849,VariableID:400:2849,BIND_ONLY,0,0,,604,"strokes.0(597), fills.0(7)",I3139:5752;2448:7292;2448:7132@Contact/Contact/Section 1/Frame 2147224779/Contact/Form Fiel ;; I3139:5752;2448:7292;2448:7133@Contact/Contact/Section 1/Frame 2147224779/Contact/Form Fiel ;; I3139:5753;2448:7292;2448:7107@Contact/Contact/Section 1/Frame 2147224779/Contact/Form Fiel
VariableID:400:2850,VariableID:400:2850,BIND_ONLY,0,0,,299,"strokes.0(260), fills.0(39)",I3139:5752;64:1265;34:856@Contact/Contact/Section 1/Frame 2147224779/Contact/Form Fiel ;; I3139:5753;64:1265;34:856@Contact/Contact/Section 1/Frame 2147224779/Contact/Form Fiel ;; I3139:5754;64:1265;34:856@Contact/Contact/Section 1/Frame 2147224779/Contact/Form Fiel
VariableID:401:2843,VariableID:401:2843,BIND_ONLY,0,0,,174,"fills.0(140), strokes.0(34)",I3139:5752;64:1264@Contact/Contact/Section 1/Frame 2147224779/Contact/Form Fiel ;; I3139:5752;64:1267@Contact/Contact/Section 1/Frame 2147224779/Contact/Form Fiel ;; I3139:5753;64:1264@Contact/Contact/Section 1/Frame 2147224779/Contact/Form Fiel
VariableID:404:2844,VariableID:404:2844,BIND_ONLY,0,0,,8,fills.0(8),2903:5469@Section 6/Home_Desk/Hero/Blog/Text/Frame 2147224778/Quản trị ;; 2903:5489@Section 6/Home_Desk/Hero/Blog/Text/Frame 2147224778/Quản trị ;; 2903:5509@Section 6/Home_Mb/Hero/Blog/Frame 2147224760/Frame 214722477
VariableID:404:2845,VariableID:404:2845,BIND_ONLY,0,0,,15,strokes.0(15),"I101:2152;57:1723@Breadcrumbs/Breadcrumbs (Item)/State=Disabled/star/Path ;; I101:2155;57:1723@Breadcrumbs/Breadcrumbs (Item)/State=Disabled/star/Path ;; I64:1145;34:856@Input/Input/State=Disabled, Size=Large, Style=Outline/Input/"
VariableID:404:2846,VariableID:404:2846,BIND_ONLY,0,0,,20,strokes.0(20),"I2675:6163;2985:8377;78:1314@Contact/Contact_Succes/Notification Card/Frame 2087326514/ch ;; I2675:6163;2985:8377;78:1315@Contact/Contact_Succes/Notification Card/Frame 2087326514/ch ;; I2985:8377;78:1314@Contact/Popup/Notification Card/Size=Big, State=Success/Fram"
VariableID:404:2847,VariableID:404:2847,BIND_ONLY,0,0,,217,strokes.0(217),I2933:9358;2675:4703@SKU - Mobile/SKU - Mobile/Section 4/Frame 2147224797/Frame 2 ;; I2933:9359;94:2146;57:1723@SKU - Mobile/SKU - Mobile/Section 4/Frame 2147224797/Frame 2 ;; I2933:9359;2675:6832;2443:4247@SKU - Mobile/SKU - Mobile/Section 4/Frame 2147224797/Frame 2
VariableID:404:2848,VariableID:404:2848,BIND_ONLY,0,0,,13,strokes.0(13),"I94:1795;57:1723@Badge & Chip/Badge & Chip/Size=Medium, State=Warning, Conten ;; I94:1799;57:1723@Badge & Chip/Badge & Chip/Size=Tiny, State=Warning, Content= ;; I94:2121;57:1723@Badge & Chip/Badge & Chip/Size=Medium, State=Warning, Conten"
VariableID:404:2849,VariableID:404:2849,BIND_ONLY,0,0,,23,strokes.0(23),"I3139:10581;64:1345;34:856@Contact/Contact/Form Fields Container/Input/Input/nav-arrow- ;; I3139:10600;64:1345;34:856@Contact/Contact_Eror_Desk/Section 1/Frame 2147224779/Contact ;; I3190:8391;78:1295@Contact/Popup/Notification Card/Size=Big, State=Eror/Frame 2"
VariableID:404:2850,VariableID:404:2850,BIND_ONLY,0,0,,8,fills.0(8),"94:2098@Badge & Chip/Badge & Chip/Size=Medium, State=Success, Conten ;; 94:2103@Badge & Chip/Badge & Chip/Size=Small, State=Success, Content ;; 94:2108@Badge & Chip/Badge & Chip/Size=Tiny, State=Success, Content="
VariableID:404:2851,VariableID:404:2851,BIND_ONLY,0,0,,134,fills.0(134),I2933:9358;2675:4705@SKU - Mobile/SKU - Mobile/Section 4/Frame 2147224797/Frame 2 ;; I2933:9359;94:2148@SKU - Mobile/SKU - Mobile/Section 4/Frame 2147224797/Frame 2 ;; I2933:9359;2675:4615@SKU - Mobile/SKU - Mobile/Section 4/Frame 2147224797/Frame 2
VariableID:404:2852,VariableID:404:2852,BIND_ONLY,0,0,,9,"fills.0(8), textRangeFills.1(1)","2433:2646@Grids/title/XXS | XS | MD | XXL | XXL FullHD ;; 94:2123@Badge & Chip/Badge & Chip/Size=Medium, State=Warning, Conten ;; 94:2128@Badge & Chip/Badge & Chip/Size=Small, State=Warning, Content"
VariableID:404:2853,VariableID:404:2853,BIND_ONLY,0,0,,91,fills.0(91),I3139:5752;2448:6770@Contact/Contact/Section 1/Frame 2147224779/Contact/Form Fiel ;; I3139:5753;2448:6770@Contact/Contact/Section 1/Frame 2147224779/Contact/Form Fiel ;; I3139:5754;2448:6770@Contact/Contact/Section 1/Frame 2147224779/Contact/Form Fiel
VariableID:405:2854,VariableID:405:2854,BIND_ONLY,0,0,,6,fills.0(6),"I101:1582;91:1226@Alert/Alert/State=Default, Style=Filled/Content/Buttons/Text ;; I101:1591;91:1226@Alert/Alert/State=Success, Style=Filled/Content/Buttons/Text ;; I101:1600;91:1226@Alert/Alert/State=Info, Style=Filled/Content/Buttons/Text Bu"
